Customer ID,Age,Subscription Length (days),Monthly Spend ($),Last Login Date,Feedback Score
1,62.0,260,112.88560048922974,2022-01-01,5.0
2,,180,,2022-01-02,
3,18.0,60,72.97387911136562,2022-01-03,1.0
4,21.0,285,199.07099613172682,2022-01-04,3.0
5,21.0,49,194.14682892987423,2022-01-05,5.0
6,57.0,290,476.063226925035,2022-01-06,5.0
7,27.0,178,430.31933914807416,2022-01-07,1.0
8,,392,,2022-01-08,
9,39.0,104,61.146076117661906,2022-01-09,1.0
10,68.0,153,423.9640012979202,2022-01-10,4.0
11,54.0,244,347.24127971504305,2022-01-11,1.0
12,41.0,346,118.56401764308937,2022-01-12,3.0
13,24.0,259,498.2320719545842,2022-01-13,5.0
14,42.0,280,95.10504684085538,2022-01-14,5.0
15,42.0,123,440.2015437171483,2022-01-15,2.0
16,,199,,2022-01-16,
17,19.0,70,245.90905984632067,2022-01-17,5.0
18,56.0,218,407.9554370493416,2022-01-18,4.0
19,57.0,239,354.87876019730464,2022-01-19,5.0
20,41.0,209,472.0389684998176,2022-01-20,4.0
21,64.0,326,329.51314645717247,2022-01-21,5.0
22,42.0,89,94.01457266557374,2022-01-22,5.0
23,35.0,59,447.9621634588776,2022-01-23,3.0
24,55.0,255,396.11998624486597,2022-01-24,5.0
25,43.0,124,370.3417029019949,2022-01-25,4.0
26,31.0,268,74.18009630918091,2022-01-26,3.0
27,26.0,195,228.3002350977848,2022-01-27,5.0
28,27.0,246,125.34611875679265,2022-01-28,3.0
29,38.0,302,419.85675878354107,2022-01-29,5.0
30,69.0,385,365.2378802680382,2022-01-30,2.0
31,34.0,197,447.3849187936109,2022-01-31,3.0
32,69.0,187,484.9587981158738,2022-02-01,4.0
33,23.0,95,398.63642638662435,2022-02-02,2.0
34,33.0,309,497.40488744934294,2022-02-03,5.0
35,65.0,230,326.64644876493446,2022-02-04,5.0
36,18.0,117,66.70832175115152,2022-02-05,2.0
37,36.0,323,56.413181817633145,2022-02-06,1.0
38,53.0,397,203.94674384170492,2022-02-07,2.0
39,42.0,247,420.5622735803917,2022-02-08,4.0
40,,375,,2022-02-09,
41,69.0,164,482.36563797020506,2022-02-10,3.0
42,47.0,246,79.30466084696828,2022-02-11,1.0
43,,131,,2022-02-12,
44,37.0,327,460.97761836516514,2022-02-13,2.0
45,32.0,398,187.2710142632877,2022-02-14,5.0
46,57.0,73,301.0943302743347,2022-02-15,4.0
47,50.0,140,492.10019735031943,2022-02-16,2.0
48,19.0,269,230.2018406311655,2022-02-17,2.0
49,27.0,308,349.64212923942796,2022-02-18,3.0
50,50.0,395,230.3958036343934,2022-02-19,3.0
51,49.0,41,395.68759900825086,2022-02-20,5.0
52,28.0,149,287.4716265077896,2022-02-21,3.0
53,41.0,312,156.88541209385738,2022-02-22,1.0
54,,78,,2022-02-23,
55,29.0,229,166.12664564228328,2022-02-24,4.0
56,68.0,269,289.54414771635237,2022-02-25,1.0
57,46.0,212,366.43505720704894,2022-02-26,2.0
58,52.0,126,477.17595501941395,2022-02-27,3.0
59,18.0,386,362.33931878734097,2022-02-28,4.0
60,18.0,368,401.5367797830758,2022-03-01,5.0
61,54.0,117,126.01675213905453,2022-03-02,3.0
62,23.0,32,218.32818125329655,2022-03-03,1.0
63,56.0,294,236.20109893621972,2022-03-04,2.0
64,58.0,296,358.8711035002128,2022-03-05,2.0
65,35.0,291,183.15138936959312,2022-03-06,3.0
66,33.0,324,186.48136463884975,2022-03-07,5.0
67,22.0,130,210.15011958839065,2022-03-08,5.0
68,59.0,147,414.63593669445453,2022-03-09,3.0
69,60.0,89,309.9155405195069,2022-03-10,3.0
70,49.0,194,83.8747759247305,2022-03-11,3.0
71,19.0,291,85.21074486071096,2022-03-12,4.0
72,19.0,68,217.0791249271247,2022-03-13,3.0
73,57.0,193,394.96597277277124,2022-03-14,4.0
74,59.0,118,359.9075419154062,2022-03-15,1.0
75,53.0,237,368.592059593034,2022-03-16,3.0
76,56.0,370,395.24452972434364,2022-03-17,3.0
77,29.0,295,179.2187207988482,2022-03-18,5.0
78,64.0,162,296.7153268739396,2022-03-19,3.0
79,36.0,54,294.5086881425463,2022-03-20,4.0
80,45.0,124,382.8346255309772,2022-03-21,4.0
81,,369,,2022-03-22,
82,32.0,107,175.09547515795964,2022-03-23,4.0
83,,297,,2022-03-24,
84,30.0,111,346.98674683546807,2022-03-25,1.0
85,60.0,184,311.10704188855703,2022-03-26,4.0
86,38.0,205,398.69590070633086,2022-03-27,4.0
87,29.0,128,474.8146098926447,2022-03-28,4.0
88,22.0,51,66.51113804123585,2022-03-29,4.0
89,24.0,200,116.3300461309493,2022-03-30,3.0
90,22.0,175,390.3292541755021,2022-03-31,3.0
91,65.0,131,87.70610880953805,2022-04-01,1.0
92,21.0,274,282.25566533349183,2022-04-02,3.0
93,30.0,213,148.93734948872316,2022-04-03,4.0
94,54.0,130,173.43306672923816,2022-04-04,1.0
95,58.0,226,365.8282173249873,2022-04-05,2.0
96,32.0,141,63.58674797092023,2022-04-06,5.0
97,33.0,256,442.9937425558566,2022-04-07,1.0
98,38.0,297,250.0155299085215,2022-04-08,5.0
99,53.0,127,276.07698225819547,2022-04-09,4.0
100,41.0,268,293.02158366216133,2022-04-10,2.0
101,33.0,398,340.49493256077227,2022-04-11,5.0
102,31.0,41,205.18546398023665,2022-04-12,1.0
103,39.0,55,95.4983707535711,2022-04-13,3.0
104,66.0,127,193.27052149977945,2022-04-14,5.0
105,67.0,381,125.66395311026913,2022-04-15,3.0
106,23.0,331,300.2599307527133,2022-04-16,5.0
107,59.0,292,193.1128839321739,2022-04-17,4.0
108,53.0,119,481.1302300970457,2022-04-18,3.0
109,18.0,374,484.5804250911263,2022-04-19,2.0
110,49.0,68,329.05664625570864,2022-04-20,1.0
111,,81,,2022-04-21,
112,48.0,46,493.42035405519766,2022-04-22,5.0
113,18.0,248,449.27741805583366,2022-04-23,5.0
114,67.0,289,394.281477121163,2022-04-24,2.0
115,,376,,2022-04-25,
116,,152,,2022-04-26,
117,,288,,2022-04-27,
118,66.0,163,269.21665711281855,2022-04-28,4.0
119,47.0,301,495.66583496281083,2022-04-29,3.0
120,,364,,2022-04-30,
121,52.0,210,103.25724530876107,2022-05-01,1.0
122,60.0,389,61.33563018072777,2022-05-02,5.0
123,31.0,293,454.3869507837198,2022-05-03,3.0
124,66.0,209,291.72655757691837,2022-05-04,2.0
125,57.0,388,140.0854496938053,2022-05-05,3.0
126,39.0,279,353.1439713130859,2022-05-06,2.0
127,27.0,213,339.900430068419,2022-05-07,3.0
128,18.0,143,104.93852307641023,2022-05-08,3.0
129,28.0,235,166.8201050739288,2022-05-09,2.0
130,68.0,341,77.03508394096608,2022-05-10,4.0
131,61.0,118,144.43721324156388,2022-05-11,5.0
132,41.0,282,109.5375536838783,2022-05-12,5.0
133,20.0,354,136.95633161355025,2022-05-13,5.0
134,52.0,147,358.46021566090263,2022-05-14,2.0
135,53.0,215,72.27488491748048,2022-05-15,5.0
136,48.0,379,95.83457686169743,2022-05-16,1.0
137,21.0,132,110.37813713522944,2022-05-17,3.0
138,36.0,236,192.4435044311603,2022-05-18,2.0
139,,112,,2022-05-19,
140,53.0,266,164.77870339248773,2022-05-20,1.0
141,38.0,33,387.74149404458734,2022-05-21,3.0
142,35.0,195,499.11025449114527,2022-05-22,5.0
143,,315,,2022-05-23,
144,45.0,108,474.89122306127393,2022-05-24,2.0
145,32.0,297,228.4745504567291,2022-05-25,2.0
146,59.0,41,98.00710106122105,2022-05-26,2.0
147,19.0,302,233.9482232614268,2022-05-27,2.0
148,,90,,2022-05-28,
149,,153,,2022-05-29,
150,40.0,133,345.66965461239045,2022-05-30,2.0
151,61.0,221,257.4725986185837,2022-05-31,4.0
152,58.0,217,470.82223043502154,2022-06-01,3.0
153,29.0,159,448.14417003472096,2022-06-02,3.0
154,20.0,211,365.8899178247887,2022-06-03,5.0
155,69.0,314,270.3582105640471,2022-06-04,2.0
156,34.0,371,109.2592768165056,2022-06-05,2.0
157,50.0,246,228.65615004993504,2022-06-06,1.0
158,18.0,103,366.9806927305282,2022-06-07,4.0
159,56.0,367,178.19848424917902,2022-06-08,3.0
160,37.0,45,96.7946348945392,2022-06-09,3.0
161,64.0,161,458.55430587978265,2022-06-10,5.0
162,60.0,136,369.07286441699506,2022-06-11,2.0
163,69.0,243,326.87439198579375,2022-06-12,1.0
164,58.0,314,406.6245075240125,2022-06-13,5.0
165,31.0,344,426.04071691256405,2022-06-14,5.0
166,48.0,243,267.5565491769605,2022-06-15,5.0
167,42.0,108,446.534713134248,2022-06-16,1.0
168,20.0,397,462.38855481549746,2022-06-17,1.0
169,21.0,351,172.19799294115163,2022-06-18,2.0
170,48.0,362,323.39541190585743,2022-06-19,1.0
171,52.0,297,286.9628129692111,2022-06-20,5.0
172,61.0,311,292.07560061835613,2022-06-21,2.0
173,31.0,389,471.94839228405294,2022-06-22,5.0
174,66.0,297,187.33491621186306,2022-06-23,5.0
175,58.0,376,492.5452902055593,2022-06-24,3.0
176,26.0,267,455.95904666190444,2022-06-25,1.0
177,37.0,174,256.4252998760762,2022-06-26,3.0
178,49.0,287,417.85396862817475,2022-06-27,3.0
179,26.0,46,396.07114744406323,2022-06-28,5.0
180,44.0,63,355.05273632833456,2022-06-29,1.0
181,20.0,63,193.9252502224194,2022-06-30,5.0
182,21.0,202,138.40294631942928,2022-07-01,4.0
183,,326,,2022-07-02,
184,32.0,358,429.3379833804879,2022-07-03,5.0
185,50.0,235,57.313754904816356,2022-07-04,1.0
186,22.0,136,339.26151888883044,2022-07-05,5.0
187,21.0,113,249.29286107999562,2022-07-06,5.0
188,63.0,272,454.13948980714264,2022-07-07,3.0
189,29.0,354,194.66281888439235,2022-07-08,5.0
190,40.0,180,263.38316551862977,2022-07-09,1.0
191,31.0,94,281.64519681583386,2022-07-10,3.0
192,63.0,259,113.19778461697385,2022-07-11,2.0
193,29.0,317,370.80153621450785,2022-07-12,2.0
194,34.0,109,423.7143553044318,2022-07-13,5.0
195,42.0,113,76.0591746033171,2022-07-14,3.0
196,47.0,301,181.12496924160624,2022-07-15,4.0
197,39.0,337,67.12010669077605,2022-07-16,2.0
198,64.0,203,480.4448471097091,2022-07-17,3.0
199,43.0,40,350.2259693167206,2022-07-18,2.0
200,34.0,135,483.89018875465166,2022-07-19,3.0
201,37.0,366,289.1724252490885,2022-07-20,5.0
202,51.0,100,410.93083575302626,2022-07-21,3.0
203,,51,,2022-07-22,
204,50.0,252,209.2185646576884,2022-07-23,1.0
205,54.0,225,220.2205176973097,2022-07-24,5.0
206,24.0,366,346.0379601768927,2022-07-25,4.0
207,39.0,350,211.7539179597435,2022-07-26,2.0
208,49.0,159,455.1653532219015,2022-07-27,3.0
209,31.0,336,492.47368927256986,2022-07-28,3.0
210,25.0,382,63.69193190165266,2022-07-29,5.0
211,42.0,393,137.1304806811234,2022-07-30,1.0
212,33.0,368,100.51249666432369,2022-07-31,2.0
213,59.0,215,69.06382119114946,2022-08-01,4.0
214,36.0,301,152.48344700627894,2022-08-02,3.0
215,,58,,2022-08-03,
216,33.0,357,426.6456643799077,2022-08-04,2.0
217,29.0,313,149.82081372949824,2022-08-05,2.0
218,56.0,246,272.2753650479906,2022-08-06,4.0
219,65.0,343,468.3284327510395,2022-08-07,5.0
220,47.0,344,350.2466180540037,2022-08-08,2.0
221,19.0,246,409.13555889019887,2022-08-09,2.0
222,49.0,299,297.9472865834688,2022-08-10,4.0
223,,108,,2022-08-11,
224,42.0,306,314.89796960666337,2022-08-12,5.0
225,42.0,101,70.47982128316619,2022-08-13,4.0
226,21.0,213,139.0922599729077,2022-08-14,3.0
227,36.0,330,232.1481330307166,2022-08-15,4.0
228,65.0,265,320.5747276581993,2022-08-16,4.0
229,21.0,275,397.36889033403196,2022-08-17,4.0
230,60.0,121,235.88875665674882,2022-08-18,1.0
231,,74,,2022-08-19,
232,56.0,301,405.44127639910624,2022-08-20,3.0
233,,117,,2022-08-21,
234,40.0,107,490.67160801611834,2022-08-22,2.0
235,23.0,125,342.345422856126,2022-08-23,1.0
236,41.0,140,446.449127353759,2022-08-24,3.0
237,61.0,240,300.17195996387306,2022-08-25,1.0
238,50.0,162,383.7213982185457,2022-08-26,2.0
239,29.0,58,396.7448277273644,2022-08-27,1.0
240,58.0,223,458.71177065556054,2022-08-28,3.0
241,38.0,79,117.65739059211664,2022-08-29,5.0
242,28.0,373,301.2275408761618,2022-08-30,1.0
243,61.0,87,242.77033089763532,2022-08-31,1.0
244,55.0,238,465.42155952818314,2022-09-01,5.0
245,46.0,71,97.29261241204964,2022-09-02,4.0
246,65.0,270,492.15824990641073,2022-09-03,5.0
247,58.0,224,443.9530958419833,2022-09-04,4.0
248,20.0,303,83.22182670391183,2022-09-05,5.0
249,45.0,50,270.9348734932135,2022-09-06,1.0
250,37.0,196,372.90177509563665,2022-09-07,4.0
251,43.0,350,382.1681955609754,2022-09-08,4.0
252,41.0,164,457.92235635706436,2022-09-09,5.0
253,69.0,266,409.9394460120399,2022-09-10,1.0
254,64.0,180,189.91867115484027,2022-09-11,1.0
255,,109,,2022-09-12,
256,,104,,2022-09-13,
257,21.0,192,112.29657861395813,2022-09-14,4.0
258,53.0,198,137.2958589200888,2022-09-15,4.0
259,57.0,196,266.4691016494427,2022-09-16,1.0
260,27.0,179,184.21060941748073,2022-09-17,2.0
261,27.0,320,438.1516624028427,2022-09-18,2.0
262,59.0,190,313.82479468427806,2022-09-19,4.0
263,41.0,330,206.89933897326546,2022-09-20,4.0
264,21.0,129,431.97486152198456,2022-09-21,1.0
265,64.0,327,412.1953018494075,2022-09-22,1.0
266,44.0,279,499.2596946946713,2022-09-23,2.0
267,68.0,389,431.28845975018066,2022-09-24,2.0
268,62.0,281,236.50544066255586,2022-09-25,5.0
269,21.0,334,107.37449679649481,2022-09-26,1.0
270,49.0,168,428.288408690215,2022-09-27,3.0
271,27.0,354,76.89106308217728,2022-09-28,5.0
272,28.0,303,207.62204330518438,2022-09-29,1.0
273,,289,,2022-09-30,
274,63.0,131,482.3449130502953,2022-10-01,3.0
275,25.0,124,338.2540670845483,2022-10-02,4.0
276,57.0,315,359.8917426426711,2022-10-03,4.0
277,39.0,132,69.10451992648512,2022-10-04,3.0
278,51.0,153,281.5161534902966,2022-10-05,3.0
279,62.0,188,296.0906804628535,2022-10-06,5.0
280,52.0,233,203.04533575585,2022-10-07,3.0
281,52.0,346,80.86857563924795,2022-10-08,4.0
282,42.0,165,153.0084198759773,2022-10-09,4.0
283,51.0,209,211.09277158753835,2022-10-10,4.0
284,23.0,274,245.81389393234832,2022-10-11,2.0
285,58.0,103,315.91702649010614,2022-10-12,5.0
286,54.0,198,375.07618341420635,2022-10-13,5.0
287,18.0,273,192.93434297327576,2022-10-14,5.0
288,29.0,51,198.02919196354242,2022-10-15,2.0
289,52.0,124,58.86123922566667,2022-10-16,5.0
290,23.0,173,68.39368704230824,2022-10-17,2.0
291,,270,,2022-10-18,
292,26.0,303,383.1102489537305,2022-10-19,3.0
293,19.0,296,332.7412236682605,2022-10-20,2.0
294,35.0,175,396.40505930502565,2022-10-21,1.0
295,66.0,161,396.01374629666975,2022-10-22,1.0
296,53.0,103,435.4553604511856,2022-10-23,5.0
297,45.0,315,374.1436696940976,2022-10-24,1.0
298,58.0,225,490.55491355037026,2022-10-25,3.0
299,,256,,2022-10-26,
300,66.0,162,314.0227248004554,2022-10-27,2.0
301,43.0,376,314.6709517210273,2022-10-28,1.0
302,21.0,130,65.42016815850327,2022-10-29,4.0
303,57.0,164,499.33695996875946,2022-10-30,3.0
304,,62,,2022-10-31,
305,68.0,111,383.1562384842164,2022-11-01,4.0
306,48.0,149,419.456837805939,2022-11-02,3.0
307,47.0,275,217.87453818734144,2022-11-03,3.0
308,67.0,323,138.58342459939118,2022-11-04,3.0
309,51.0,149,94.44194905574976,2022-11-05,1.0
310,36.0,313,386.87270262331003,2022-11-06,1.0
311,35.0,81,253.69408814256306,2022-11-07,4.0
312,,108,,2022-11-08,
313,,116,,2022-11-09,
314,,125,,2022-11-10,
315,23.0,38,463.62695032570986,2022-11-11,2.0
316,55.0,342,235.2319067787965,2022-11-12,3.0
317,30.0,315,187.3701544537801,2022-11-13,5.0
318,62.0,186,474.3780172712506,2022-11-14,2.0
319,20.0,216,495.79326167287974,2022-11-15,4.0
320,65.0,141,139.50149799535166,2022-11-16,5.0
321,45.0,174,345.5772561283925,2022-11-17,2.0
322,39.0,89,97.92289119697716,2022-11-18,1.0
323,57.0,277,342.9113017358776,2022-11-19,2.0
324,57.0,37,422.29095249913235,2022-11-20,2.0
325,29.0,318,358.0243459358304,2022-11-21,3.0
326,40.0,242,237.79991392816808,2022-11-22,3.0
327,48.0,265,222.3798618036963,2022-11-23,2.0
328,35.0,105,226.90508685053769,2022-11-24,3.0
329,24.0,251,315.3703180968154,2022-11-25,1.0
330,25.0,70,446.705271532623,2022-11-26,5.0
331,36.0,30,468.0797707709455,2022-11-27,5.0
332,46.0,242,74.08832909329314,2022-11-28,3.0
333,61.0,139,131.73007759055974,2022-11-29,2.0
334,37.0,122,100.50094212272984,2022-11-30,1.0
335,67.0,235,137.00058834511128,2022-12-01,1.0
336,59.0,195,205.9735147741273,2022-12-02,4.0
337,47.0,91,277.93925718018073,2022-12-03,3.0
338,64.0,133,333.2575521541185,2022-12-04,4.0
339,,98,,2022-12-05,
340,,215,,2022-12-06,
341,,162,,2022-12-07,
342,68.0,135,348.28541535070394,2022-12-08,3.0
343,50.0,66,430.41403340049334,2022-12-09,5.0
344,45.0,366,400.1174811161145,2022-12-10,3.0
345,,195,,2022-12-11,
346,46.0,252,444.06152160571537,2022-12-12,4.0
347,61.0,321,69.24341207650949,2022-12-13,4.0
348,35.0,158,50.165304688156034,2022-12-14,2.0
349,,79,,2022-12-15,
350,18.0,215,257.94388833235246,2022-12-16,2.0
351,40.0,295,337.2633027503048,2022-12-17,1.0
352,34.0,80,95.79661994504517,2022-12-18,5.0
353,,255,,2022-12-19,
354,54.0,206,410.81714017686255,2022-12-20,5.0
355,48.0,42,133.39081381071506,2022-12-21,4.0
356,42.0,228,236.80636467430725,2022-12-22,2.0
357,21.0,154,283.99324547898937,2022-12-23,1.0
358,69.0,129,253.3131581380163,2022-12-24,2.0
359,26.0,388,409.9234688998118,2022-12-25,1.0
360,45.0,66,482.23507915369885,2022-12-26,4.0
361,47.0,316,409.528923803681,2022-12-27,2.0
362,64.0,144,85.09676804412106,2022-12-28,3.0
363,41.0,177,412.2210074716072,2022-12-29,3.0
364,50.0,65,79.96834950599802,2022-12-30,2.0
365,37.0,300,156.1866733587065,2022-12-31,2.0
366,26.0,59,118.89360357607526,2023-01-01,1.0
367,25.0,90,138.88359808073844,2023-01-02,2.0
368,41.0,367,287.7418071758078,2023-01-03,1.0
369,31.0,353,352.2604359248841,2023-01-04,2.0
370,35.0,315,261.64457705121845,2023-01-05,2.0
371,18.0,185,481.8630375631596,2023-01-06,5.0
372,29.0,161,158.131544013575,2023-01-07,1.0
373,46.0,63,393.41310361465685,2023-01-08,4.0
374,54.0,275,441.58198032821684,2023-01-09,3.0
375,43.0,258,302.9297498396236,2023-01-10,1.0
376,50.0,86,255.3001258826989,2023-01-11,2.0
377,60.0,307,318.28300105065966,2023-01-12,3.0
378,32.0,197,242.96439657215433,2023-01-13,2.0
379,40.0,264,299.8372470455163,2023-01-14,4.0
380,46.0,360,237.62027845796072,2023-01-15,1.0
381,38.0,59,230.21136963236032,2023-01-16,1.0
382,36.0,271,362.9059106627884,2023-01-17,2.0
383,22.0,88,91.78304588058558,2023-01-18,2.0
384,40.0,310,124.94393272796937,2023-01-19,1.0
385,53.0,144,433.0393122717518,2023-01-20,2.0
386,37.0,302,396.9848060668346,2023-01-21,1.0
387,25.0,386,176.65417728247718,2023-01-22,5.0
388,26.0,153,219.7710196995921,2023-01-23,4.0
389,31.0,43,466.71192798281623,2023-01-24,1.0
390,23.0,287,418.1347513282376,2023-01-25,4.0
391,18.0,281,326.45583499083386,2023-01-26,4.0
392,26.0,288,149.67058046133099,2023-01-27,5.0
393,33.0,352,69.91338709187131,2023-01-28,1.0
394,33.0,177,244.06603107885417,2023-01-29,2.0
395,29.0,280,352.68221266585783,2023-01-30,2.0
396,22.0,188,422.8162207330332,2023-01-31,1.0
397,57.0,69,433.7100525840212,2023-02-01,1.0
398,46.0,107,64.74915558201353,2023-02-02,4.0
399,63.0,312,159.87066522659572,2023-02-03,4.0
400,44.0,170,202.59256481483138,2023-02-04,3.0
401,28.0,271,134.92949493172364,2023-02-05,4.0
402,,287,,2023-02-06,
403,,296,,2023-02-07,
404,,392,,2023-02-08,
405,69.0,318,492.316915098135,2023-02-09,2.0
406,,314,,2023-02-10,
407,,216,,2023-02-11,
408,36.0,224,102.40846437286228,2023-02-12,4.0
409,52.0,250,123.43176748135431,2023-02-13,4.0
410,,95,,2023-02-14,
411,48.0,235,99.30636141876019,2023-02-15,1.0
412,61.0,369,304.63029293841987,2023-02-16,3.0
413,36.0,77,239.10509141269412,2023-02-17,1.0
414,63.0,111,377.8132844934567,2023-02-18,4.0
415,41.0,229,455.3038574639893,2023-02-19,2.0
416,19.0,339,396.4421816010749,2023-02-20,3.0
417,24.0,228,432.36044438953473,2023-02-21,1.0
418,,167,,2023-02-22,
419,66.0,45,189.5879742098914,2023-02-23,4.0
420,48.0,304,281.9448890088496,2023-02-24,2.0
421,34.0,187,237.17899158340077,2023-02-25,1.0
422,44.0,211,154.0647288408598,2023-02-26,3.0
423,53.0,72,188.5433440820105,2023-02-27,1.0
424,67.0,160,475.44393667622256,2023-02-28,2.0
425,60.0,315,182.38139594210818,2023-03-01,2.0
426,27.0,65,209.25684958090358,2023-03-02,1.0
427,,305,,2023-03-03,
428,,53,,2023-03-04,
429,24.0,170,119.67831653070948,2023-03-05,2.0
430,56.0,385,141.86492398117673,2023-03-06,5.0
431,57.0,395,164.86903269141152,2023-03-07,1.0
432,26.0,214,448.0799255801792,2023-03-08,4.0
433,31.0,224,142.90313506084163,2023-03-09,2.0
434,25.0,306,408.88686239057296,2023-03-10,5.0
435,34.0,161,413.622203145307,2023-03-11,3.0
436,40.0,111,467.15925595387813,2023-03-12,5.0
437,,68,,2023-03-13,
438,43.0,72,147.7755375520241,2023-03-14,5.0
439,26.0,67,384.3042314363246,2023-03-15,2.0
440,53.0,392,138.20033942633256,2023-03-16,4.0
441,24.0,70,178.84829609305206,2023-03-17,2.0
442,35.0,397,125.03371105011318,2023-03-18,5.0
443,25.0,313,127.71350876977218,2023-03-19,5.0
444,,162,,2023-03-20,
445,43.0,195,99.35737795083134,2023-03-21,1.0
446,20.0,321,194.76392830863,2023-03-22,2.0
447,,60,,2023-03-23,
448,68.0,293,61.046652435789916,2023-03-24,5.0
449,63.0,118,224.74992491350366,2023-03-25,5.0
450,,269,,2023-03-26,
451,42.0,177,272.11033901577946,2023-03-27,2.0
452,22.0,363,421.58218485069335,2023-03-28,5.0
453,54.0,342,418.2899729818042,2023-03-29,4.0
454,62.0,90,86.20183199183023,2023-03-30,1.0
455,67.0,54,320.55249095353406,2023-03-31,1.0
456,41.0,190,425.5638718870564,2023-04-01,3.0
457,48.0,394,157.0876443205859,2023-04-02,3.0
458,43.0,325,392.8669301523196,2023-04-03,3.0
459,38.0,134,450.84395590254195,2023-04-04,5.0
460,51.0,397,412.75586814819985,2023-04-05,1.0
461,,146,,2023-04-06,
462,41.0,46,54.076999785073205,2023-04-07,4.0
463,45.0,248,136.27584946483051,2023-04-08,5.0
464,47.0,238,171.71480342598045,2023-04-09,5.0
465,51.0,332,327.2823457771818,2023-04-10,2.0
466,69.0,254,222.92292885904328,2023-04-11,5.0
467,,124,,2023-04-12,
468,40.0,370,208.88373223472385,2023-04-13,2.0
469,25.0,309,119.49144109457013,2023-04-14,1.0
470,59.0,173,190.7104295687158,2023-04-15,5.0
471,67.0,202,447.94590187511074,2023-04-16,5.0
472,27.0,113,481.33955491027916,2023-04-17,4.0
473,18.0,149,143.38073033031583,2023-04-18,2.0
474,37.0,85,404.8107741609986,2023-04-19,4.0
475,54.0,384,173.0069314429418,2023-04-20,4.0
476,35.0,331,449.20919454413337,2023-04-21,4.0
477,38.0,367,124.49552575831495,2023-04-22,3.0
478,66.0,245,349.6819634123256,2023-04-23,1.0
479,21.0,107,87.89506912093213,2023-04-24,2.0
480,60.0,380,488.2519957882413,2023-04-25,5.0
481,19.0,261,365.28500508824425,2023-04-26,3.0
482,38.0,255,428.8170827322884,2023-04-27,3.0
483,54.0,399,305.0012027133655,2023-04-28,3.0
484,22.0,314,264.5606137679871,2023-04-29,5.0
485,34.0,274,329.8470761274643,2023-04-30,3.0
486,66.0,95,287.9336802647516,2023-05-01,3.0
487,65.0,98,261.22295981531886,2023-05-02,5.0
488,28.0,243,391.75261315593923,2023-05-03,1.0
489,63.0,282,130.19042972267067,2023-05-04,3.0
490,58.0,78,127.02742166982134,2023-05-05,2.0
491,48.0,129,244.3291927923678,2023-05-06,1.0
492,45.0,99,194.33656222022572,2023-05-07,5.0
493,61.0,129,83.35603306086085,2023-05-08,1.0
494,49.0,101,430.0117215884305,2023-05-09,1.0
495,38.0,31,397.22126301245737,2023-05-10,4.0
496,24.0,159,294.76467491134315,2023-05-11,5.0
497,27.0,229,490.69604176896604,2023-05-12,1.0
498,,183,,2023-05-13,
499,65.0,130,395.00118546254373,2023-05-14,3.0
500,53.0,107,169.86667622409357,2023-05-15,5.0
501,37.0,138,215.86951397460894,2023-05-16,1.0
502,30.0,208,148.6757233413804,2023-05-17,5.0
503,36.0,126,405.06705115783933,2023-05-18,4.0
504,,73,,2023-05-19,
505,28.0,305,428.0075139808751,2023-05-20,4.0
506,52.0,384,347.7099417034253,2023-05-21,5.0
507,51.0,331,76.56046037110163,2023-05-22,1.0
508,61.0,130,414.941779220069,2023-05-23,3.0
509,21.0,366,332.49007227334073,2023-05-24,2.0
510,30.0,142,457.2420438102537,2023-05-25,3.0
511,54.0,264,386.9250378838872,2023-05-26,4.0
512,19.0,38,302.5044173433987,2023-05-27,1.0
513,67.0,241,426.446231278639,2023-05-28,5.0
514,18.0,94,175.12260723554994,2023-05-29,5.0
515,,126,,2023-05-30,
516,42.0,393,182.12756891153455,2023-05-31,1.0
517,,371,,2023-06-01,
518,53.0,310,151.78833537890287,2023-06-02,4.0
519,23.0,32,57.08220785170813,2023-06-03,1.0
520,24.0,138,196.6346789017083,2023-06-04,4.0
521,21.0,233,276.1292286364121,2023-06-05,2.0
522,52.0,273,62.76332040353378,2023-06-06,5.0
523,58.0,314,301.6617350152583,2023-06-07,4.0
524,,381,,2023-06-08,
525,46.0,95,367.12948748750154,2023-06-09,4.0
526,22.0,240,330.33574534023694,2023-06-10,1.0
527,44.0,51,480.18278781871305,2023-06-11,2.0
528,,141,,2023-06-12,
529,63.0,397,420.9199113664529,2023-06-13,2.0
530,69.0,227,323.48383132363296,2023-06-14,2.0
531,27.0,319,269.494051773968,2023-06-15,1.0
532,23.0,136,55.99225096091029,2023-06-16,4.0
533,51.0,160,322.81785780194366,2023-06-17,2.0
534,,57,,2023-06-18,
535,48.0,262,418.145472510813,2023-06-19,4.0
536,26.0,177,203.27208974795838,2023-06-20,3.0
537,38.0,357,118.42116126998991,2023-06-21,5.0
538,25.0,315,402.82637651021935,2023-06-22,4.0
539,21.0,255,384.77201928428366,2023-06-23,1.0
540,39.0,334,485.1710563906954,2023-06-24,5.0
541,45.0,366,443.6790628727025,2023-06-25,1.0
542,62.0,214,300.0481813725833,2023-06-26,1.0
543,21.0,349,95.57791113413396,2023-06-27,1.0
544,56.0,337,267.575296272782,2023-06-28,3.0
545,38.0,280,191.16277431004266,2023-06-29,5.0
546,25.0,91,280.5838169111779,2023-06-30,1.0
547,,136,,2023-07-01,
548,49.0,303,437.8203463890181,2023-07-02,5.0
549,18.0,75,429.94715629227,2023-07-03,1.0
550,23.0,92,191.95932072517516,2023-07-04,1.0
551,45.0,52,319.81160586829776,2023-07-05,4.0
552,61.0,255,243.58138593757434,2023-07-06,5.0
553,48.0,132,459.09174066285345,2023-07-07,2.0
554,27.0,167,134.31240564184526,2023-07-08,1.0
555,37.0,291,363.97778080323167,2023-07-09,1.0
556,25.0,362,486.66889752674746,2023-07-10,1.0
557,39.0,91,128.87398380339056,2023-07-11,4.0
558,55.0,200,140.88489279089146,2023-07-12,4.0
559,46.0,277,362.17550240250256,2023-07-13,4.0
560,,345,,2023-07-14,
561,61.0,303,270.74707465726976,2023-07-15,3.0
562,64.0,226,324.3589093162046,2023-07-16,5.0
563,18.0,346,145.70708396532294,2023-07-17,3.0
564,58.0,183,264.4764028552967,2023-07-18,2.0
565,69.0,172,100.43234639371181,2023-07-19,5.0
566,56.0,395,194.63986637404912,2023-07-20,1.0
567,43.0,347,178.15086726392943,2023-07-21,2.0
568,28.0,211,250.081412046089,2023-07-22,1.0
569,69.0,111,468.55686300966363,2023-07-23,3.0
570,52.0,59,131.5704479665291,2023-07-24,4.0
571,41.0,228,230.62471098112422,2023-07-25,3.0
572,50.0,58,327.01874859934014,2023-07-26,5.0
573,37.0,232,475.95068873330075,2023-07-27,2.0
574,44.0,163,109.91668619109568,2023-07-28,2.0
575,32.0,370,463.0444776469011,2023-07-29,2.0
576,50.0,208,86.4742048853277,2023-07-30,3.0
577,69.0,116,266.333628722119,2023-07-31,5.0
578,24.0,211,254.56544025371724,2023-08-01,4.0
579,51.0,296,144.321227994738,2023-08-02,2.0
580,62.0,73,206.35685065213139,2023-08-03,4.0
581,68.0,345,254.37437075677914,2023-08-04,2.0
582,63.0,172,439.34515830978313,2023-08-05,2.0
583,59.0,150,479.7788654181019,2023-08-06,3.0
584,22.0,86,283.51655538672435,2023-08-07,1.0
585,47.0,390,441.5449056324898,2023-08-08,2.0
586,45.0,173,323.67721355455075,2023-08-09,1.0
587,35.0,149,207.08930389445393,2023-08-10,3.0
588,53.0,338,137.38739342606107,2023-08-11,2.0
589,20.0,318,235.91064730224417,2023-08-12,5.0
590,38.0,117,285.27092731573146,2023-08-13,2.0
591,63.0,59,69.99952471680028,2023-08-14,2.0
592,33.0,81,115.62852464188282,2023-08-15,5.0
593,54.0,290,320.082990791648,2023-08-16,5.0
594,59.0,222,151.25071760472292,2023-08-17,2.0
595,22.0,184,426.79686923658386,2023-08-18,4.0
596,,374,,2023-08-19,
597,68.0,303,97.17539326396289,2023-08-20,4.0
598,,342,,2023-08-21,
599,,190,,2023-08-22,
600,63.0,271,103.10914005884563,2023-08-23,5.0
601,41.0,367,113.40939387292701,2023-08-24,5.0
602,52.0,102,438.19972606973886,2023-08-25,1.0
603,,103,,2023-08-26,
604,27.0,258,349.67813483948726,2023-08-27,3.0
605,44.0,380,417.5265591634511,2023-08-28,2.0
606,44.0,359,323.2312880585865,2023-08-29,2.0
607,40.0,394,480.86984455153225,2023-08-30,5.0
608,30.0,206,368.9973046673786,2023-08-31,1.0
609,,257,,2023-09-01,
610,,300,,2023-09-02,
611,44.0,91,373.18393674013276,2023-09-03,3.0
612,69.0,373,410.8807581680503,2023-09-04,3.0
613,56.0,342,61.84460087784119,2023-09-05,2.0
614,64.0,201,373.495511872141,2023-09-06,2.0
615,34.0,127,421.5563694587523,2023-09-07,3.0
616,65.0,208,386.0752149209104,2023-09-08,4.0
617,58.0,332,280.55711554501914,2023-09-09,2.0
618,18.0,138,256.1094333899613,2023-09-10,2.0
619,28.0,358,297.23836248491716,2023-09-11,4.0
620,29.0,150,367.08966447197093,2023-09-12,5.0
621,31.0,32,465.31143078461844,2023-09-13,3.0
622,,303,,2023-09-14,
623,48.0,173,449.52543782756135,2023-09-15,1.0
624,24.0,225,365.5655813505773,2023-09-16,1.0
625,63.0,371,80.75136984748141,2023-09-17,1.0
626,48.0,272,275.37268550072986,2023-09-18,1.0
627,33.0,123,178.91885674185906,2023-09-19,5.0
628,,387,,2023-09-20,
629,56.0,150,210.16739804719288,2023-09-21,2.0
630,61.0,180,191.62974740021411,2023-09-22,1.0
631,36.0,240,310.3744910526951,2023-09-23,4.0
632,25.0,37,357.62067515910064,2023-09-24,1.0
633,46.0,341,170.93722418453098,2023-09-25,5.0
634,19.0,207,108.3931801557716,2023-09-26,3.0
635,,56,,2023-09-27,
636,20.0,278,309.0887802637485,2023-09-28,1.0
637,68.0,162,133.75857484985107,2023-09-29,5.0
638,46.0,139,54.16159740066472,2023-09-30,1.0
639,32.0,119,467.48888569566685,2023-10-01,1.0
640,55.0,56,291.71318858745826,2023-10-02,4.0
641,45.0,218,91.60168111113774,2023-10-03,5.0
642,54.0,273,429.3145004573684,2023-10-04,3.0
643,49.0,141,492.4412322305531,2023-10-05,5.0
644,47.0,113,251.87029790797274,2023-10-06,3.0
645,68.0,108,69.12032370717118,2023-10-07,3.0
646,64.0,176,102.89567334022857,2023-10-08,3.0
647,47.0,151,221.74418599044446,2023-10-09,3.0
648,68.0,126,448.4851868519947,2023-10-10,5.0
649,51.0,377,116.61740567499292,2023-10-11,4.0
650,30.0,322,420.795542301213,2023-10-12,3.0
651,,388,,2023-10-13,
652,59.0,176,255.82491445361495,2023-10-14,3.0
653,34.0,235,339.9787134277556,2023-10-15,2.0
654,20.0,81,77.17076691151837,2023-10-16,1.0
655,26.0,79,326.643237777419,2023-10-17,3.0
656,69.0,61,474.98185466130025,2023-10-18,2.0
657,28.0,176,122.11696406146778,2023-10-19,3.0
658,66.0,298,378.3251223659087,2023-10-20,5.0
659,44.0,141,324.0922540745945,2023-10-21,4.0
660,45.0,261,133.30237499565374,2023-10-22,1.0
661,19.0,384,52.79153661921471,2023-10-23,4.0
662,18.0,357,54.178002727667185,2023-10-24,4.0
663,23.0,124,289.44158412741285,2023-10-25,5.0
664,42.0,331,474.25073430253707,2023-10-26,2.0
665,52.0,238,339.93438235952556,2023-10-27,1.0
666,33.0,95,371.43493083218465,2023-10-28,4.0
667,21.0,118,272.23946911424173,2023-10-29,3.0
668,64.0,302,311.85002418555644,2023-10-30,2.0
669,55.0,331,106.86538639877156,2023-10-31,1.0
670,61.0,249,444.56927918028384,2023-11-01,4.0
671,37.0,195,392.35668290006083,2023-11-02,4.0
672,42.0,234,499.1895287800743,2023-11-03,2.0
673,24.0,34,183.97532640002962,2023-11-04,3.0
674,38.0,204,152.15799730822604,2023-11-05,4.0
675,24.0,70,106.32274608260431,2023-11-06,5.0
676,46.0,271,483.89439047722016,2023-11-07,5.0
677,69.0,364,401.39833308261063,2023-11-08,2.0
678,24.0,388,124.84607617383742,2023-11-09,1.0
679,20.0,34,298.7089119986963,2023-11-10,2.0
680,46.0,244,236.19569363027455,2023-11-11,2.0
681,46.0,301,118.16870351278676,2023-11-12,1.0
682,56.0,59,122.93284326348447,2023-11-13,1.0
683,55.0,200,483.5614976353336,2023-11-14,1.0
684,23.0,183,187.233882330975,2023-11-15,3.0
685,63.0,233,473.6476812577745,2023-11-16,4.0
686,27.0,249,84.02480287928799,2023-11-17,2.0
687,54.0,52,257.36136903193574,2023-11-18,5.0
688,31.0,140,108.32857183254204,2023-11-19,1.0
689,39.0,329,52.15432335852748,2023-11-20,1.0
690,49.0,213,299.19473316773446,2023-11-21,1.0
691,35.0,283,101.25234716511355,2023-11-22,4.0
692,53.0,160,374.9110389201559,2023-11-23,5.0
693,63.0,183,364.1523690681048,2023-11-24,2.0
694,69.0,155,129.34980835902013,2023-11-25,4.0
695,,150,,2023-11-26,
696,43.0,158,374.4695337946203,2023-11-27,5.0
697,39.0,381,184.08661887061848,2023-11-28,5.0
698,63.0,214,369.1551937778558,2023-11-29,3.0
699,55.0,140,379.3686249566912,2023-11-30,2.0
700,40.0,228,204.00184906293225,2023-12-01,5.0
701,34.0,116,219.01485310765665,2023-12-02,1.0
702,43.0,220,211.59792844398504,2023-12-03,2.0
703,64.0,285,327.47829959843335,2023-12-04,4.0
704,,76,,2023-12-05,
705,19.0,281,127.93695630286443,2023-12-06,1.0
706,23.0,119,443.8398244263433,2023-12-07,1.0
707,24.0,235,62.44392042740412,2023-12-08,1.0
708,30.0,170,347.1523681902001,2023-12-09,4.0
709,44.0,348,236.49749293536237,2023-12-10,1.0
710,28.0,323,406.0766985046222,2023-12-11,5.0
711,32.0,189,374.5391508189063,2023-12-12,1.0
712,26.0,345,266.0485132153328,2023-12-13,2.0
713,25.0,369,339.73881652516855,2023-12-14,5.0
714,63.0,326,275.79790881497536,2023-12-15,1.0
715,23.0,390,415.18331177984743,2023-12-16,4.0
716,65.0,119,264.2377936857044,2023-12-17,1.0
717,60.0,315,285.4201954964341,2023-12-18,4.0
718,21.0,314,162.73426388773035,2023-12-19,5.0
719,28.0,82,322.26935756471255,2023-12-20,5.0
720,68.0,328,186.30716390142578,2023-12-21,5.0
721,45.0,168,309.7778065443419,2023-12-22,5.0
722,,242,,2023-12-23,
723,21.0,303,121.76109155352147,2023-12-24,2.0
724,32.0,158,237.6633835363971,2023-12-25,4.0
725,36.0,197,242.06878179974336,2023-12-26,4.0
726,23.0,68,170.64916921064258,2023-12-27,1.0
727,,223,,2023-12-28,
728,35.0,78,67.64474264625368,2023-12-29,4.0
729,23.0,244,61.35432227951726,2023-12-30,3.0
730,48.0,75,172.19763050291405,2023-12-31,2.0
731,42.0,152,257.8340489728717,2024-01-01,5.0
732,21.0,207,376.80947658775716,2024-01-02,5.0
733,23.0,52,263.69226532130403,2024-01-03,5.0
734,58.0,261,456.8228687458768,2024-01-04,1.0
735,54.0,378,65.84891205893318,2024-01-05,1.0
736,67.0,351,131.29727969328545,2024-01-06,2.0
737,42.0,371,202.3315217465642,2024-01-07,2.0
738,51.0,352,309.8732846293051,2024-01-08,4.0
739,36.0,62,433.7312710522741,2024-01-09,1.0
740,,356,,2024-01-10,
741,,132,,2024-01-11,
742,67.0,181,77.85012597930309,2024-01-12,3.0
743,25.0,152,419.5865649641468,2024-01-13,3.0
744,61.0,112,220.84989944300554,2024-01-14,2.0
745,64.0,132,307.1975879376204,2024-01-15,1.0
746,66.0,119,492.5999381770492,2024-01-16,1.0
747,51.0,268,50.71755677193256,2024-01-17,3.0
748,35.0,109,115.45256331448968,2024-01-18,2.0
749,47.0,143,400.59994730870994,2024-01-19,2.0
750,,185,,2024-01-20,
751,64.0,371,396.16120356473994,2024-01-21,1.0
752,50.0,31,291.64950096927316,2024-01-22,3.0
753,52.0,295,490.48564146037523,2024-01-23,5.0
754,69.0,145,228.28305199789423,2024-01-24,2.0
755,41.0,367,320.87466415090057,2024-01-25,1.0
756,43.0,94,78.51605204698174,2024-01-26,2.0
757,64.0,277,234.43585245830243,2024-01-27,5.0
758,68.0,353,375.1250393794649,2024-01-28,3.0
759,61.0,219,157.43247834681466,2024-01-29,5.0
760,59.0,84,474.7224150829168,2024-01-30,3.0
761,,322,,2024-01-31,
762,18.0,156,179.40892228590715,2024-02-01,4.0
763,30.0,49,396.04951521763536,2024-02-02,2.0
764,27.0,227,87.4241473136491,2024-02-03,4.0
765,36.0,242,488.64849012970546,2024-02-04,2.0
766,22.0,155,72.17836658310134,2024-02-05,5.0
767,25.0,220,470.0551510169232,2024-02-06,3.0
768,21.0,226,163.7842449867175,2024-02-07,2.0
769,66.0,199,391.0208484609007,2024-02-08,1.0
770,30.0,238,50.03316474489774,2024-02-09,3.0
771,55.0,174,164.40804013081987,2024-02-10,5.0
772,63.0,215,387.09527299237396,2024-02-11,2.0
773,66.0,163,289.55123190379504,2024-02-12,3.0
774,63.0,126,101.7284673367017,2024-02-13,1.0
775,36.0,308,227.13338562677387,2024-02-14,3.0
776,69.0,161,218.99720978804416,2024-02-15,2.0
777,67.0,348,305.67300988142745,2024-02-16,1.0
778,25.0,378,350.589682607098,2024-02-17,2.0
779,44.0,199,428.3736090855125,2024-02-18,4.0
780,67.0,360,273.7541286398177,2024-02-19,3.0
781,64.0,132,226.40977278732655,2024-02-20,1.0
782,47.0,122,114.78944034292176,2024-02-21,2.0
783,21.0,125,412.17033424537505,2024-02-22,4.0
784,28.0,138,371.016682436552,2024-02-23,2.0
785,38.0,121,233.9048288546084,2024-02-24,2.0
786,60.0,335,283.2945394742012,2024-02-25,3.0
787,19.0,101,349.33227998534994,2024-02-26,3.0
788,38.0,388,124.16251543139201,2024-02-27,4.0
789,34.0,88,62.23900748356411,2024-02-28,3.0
790,60.0,35,192.87666463400845,2024-02-29,1.0
791,68.0,103,318.0132588362734,2024-03-01,4.0
792,46.0,374,268.9727410766564,2024-03-02,3.0
793,44.0,170,361.64958208840716,2024-03-03,5.0
794,41.0,262,418.86041250854083,2024-03-04,1.0
795,66.0,255,269.79911002862417,2024-03-05,2.0
796,20.0,345,110.42016067302117,2024-03-06,1.0
797,56.0,236,432.7825999095346,2024-03-07,1.0
798,27.0,45,308.74564727335144,2024-03-08,1.0
799,20.0,34,382.97186635229184,2024-03-09,5.0
800,62.0,210,367.0990941237312,2024-03-10,1.0
801,59.0,96,485.6952970990588,2024-03-11,5.0
802,43.0,357,182.88829505111627,2024-03-12,5.0
803,54.0,395,367.3880477506679,2024-03-13,3.0
804,44.0,358,214.55434990666322,2024-03-14,5.0
805,22.0,291,227.93482441338878,2024-03-15,5.0
806,59.0,69,153.76758649642466,2024-03-16,4.0
807,28.0,365,204.80457904288426,2024-03-17,5.0
808,,365,,2024-03-18,
809,58.0,327,181.65688112642042,2024-03-19,2.0
810,,180,,2024-03-20,
811,55.0,247,312.4120903132199,2024-03-21,5.0
812,57.0,348,166.1161805337896,2024-03-22,3.0
813,50.0,315,263.02357651743273,2024-03-23,3.0
814,51.0,295,425.37931545030665,2024-03-24,1.0
815,44.0,129,153.680141438229,2024-03-25,4.0
816,53.0,56,242.01113548276402,2024-03-26,5.0
817,43.0,389,324.72038075901435,2024-03-27,2.0
818,68.0,285,295.5330160580685,2024-03-28,5.0
819,,240,,2024-03-29,
820,36.0,102,356.16661447783775,2024-03-30,4.0
821,38.0,285,382.9758089217979,2024-03-31,2.0
822,48.0,159,485.13017658503,2024-04-01,1.0
823,46.0,385,236.49711135283445,2024-04-02,5.0
824,26.0,144,209.92091677747305,2024-04-03,5.0
825,36.0,271,69.73809339487215,2024-04-04,3.0
826,,204,,2024-04-05,
827,42.0,341,156.73533442325413,2024-04-06,2.0
828,57.0,40,132.57701018210233,2024-04-07,5.0
829,60.0,232,389.652751938454,2024-04-08,4.0
830,46.0,310,291.1473415742503,2024-04-09,1.0
831,42.0,381,350.4352106563103,2024-04-10,4.0
832,36.0,73,419.20797237771814,2024-04-11,4.0
833,21.0,171,153.8482735786526,2024-04-12,5.0
834,62.0,85,196.66577291967462,2024-04-13,2.0
835,37.0,35,368.76212016646855,2024-04-14,2.0
836,,72,,2024-04-15,
837,18.0,133,63.17192304546987,2024-04-16,5.0
838,28.0,79,245.72984856209507,2024-04-17,3.0
839,21.0,387,458.7228888869364,2024-04-18,2.0
840,,388,,2024-04-19,
841,45.0,105,199.51201239923614,2024-04-20,4.0
842,53.0,182,495.2862873252622,2024-04-21,3.0
843,,367,,2024-04-22,
844,,51,,2024-04-23,
845,,176,,2024-04-24,
846,68.0,93,404.5322502258895,2024-04-25,4.0
847,68.0,375,368.63372006949095,2024-04-26,2.0
848,56.0,59,464.8621096618542,2024-04-27,2.0
849,38.0,323,147.77403351260375,2024-04-28,3.0
850,61.0,198,101.71595749470438,2024-04-29,1.0
851,18.0,392,375.8326368840786,2024-04-30,2.0
852,,253,,2024-05-01,
853,63.0,133,129.24672700527327,2024-05-02,4.0
854,59.0,297,193.91330092823245,2024-05-03,2.0
855,20.0,342,417.57131366529694,2024-05-04,5.0
856,51.0,172,292.7914722993338,2024-05-05,2.0
857,30.0,318,70.63265979602645,2024-05-06,2.0
858,33.0,223,258.7526035966928,2024-05-07,1.0
859,51.0,151,357.79082511491384,2024-05-08,5.0
860,41.0,351,292.2657973110571,2024-05-09,3.0
861,30.0,66,307.60259817045016,2024-05-10,5.0
862,23.0,280,151.14979777669907,2024-05-11,3.0
863,56.0,55,431.48269921790666,2024-05-12,1.0
864,19.0,102,302.62942291600586,2024-05-13,1.0
865,28.0,80,370.96070586830444,2024-05-14,4.0
866,24.0,42,491.8388976559861,2024-05-15,1.0
867,24.0,177,242.68939595353947,2024-05-16,2.0
868,56.0,225,446.47997570442885,2024-05-17,5.0
869,56.0,37,53.276456273506255,2024-05-18,3.0
870,29.0,122,65.03328167680405,2024-05-19,5.0
871,68.0,44,315.6259647779676,2024-05-20,5.0
872,39.0,76,190.1522279939903,2024-05-21,5.0
873,68.0,257,161.7244551588651,2024-05-22,5.0
874,68.0,65,175.07091074403135,2024-05-23,5.0
875,69.0,239,193.2813205747644,2024-05-24,1.0
876,20.0,181,378.0264632645403,2024-05-25,5.0
877,30.0,91,306.13818750392505,2024-05-26,5.0
878,47.0,147,405.06618765170003,2024-05-27,3.0
879,27.0,211,423.58846092577335,2024-05-28,5.0
880,69.0,42,429.32068668557696,2024-05-29,5.0
881,26.0,37,236.5898671286994,2024-05-30,5.0
882,23.0,140,239.57302834238487,2024-05-31,2.0
883,61.0,197,466.8196460632628,2024-06-01,2.0
884,19.0,380,347.7936175719847,2024-06-02,2.0
885,61.0,177,86.21023279061245,2024-06-03,5.0
886,33.0,264,293.98412934161075,2024-06-04,1.0
887,,395,,2024-06-05,
888,65.0,95,494.3457453723634,2024-06-06,4.0
889,30.0,112,56.144932908031656,2024-06-07,2.0
890,39.0,119,325.4813928817511,2024-06-08,3.0
891,36.0,131,375.63039247948615,2024-06-09,1.0
892,,214,,2024-06-10,
893,31.0,102,488.13868321543947,2024-06-11,3.0
894,48.0,208,436.7914821597701,2024-06-12,2.0
895,46.0,64,462.0437784436156,2024-06-13,3.0
896,62.0,41,58.654426708196816,2024-06-14,3.0
897,59.0,138,306.442468091664,2024-06-15,1.0
898,39.0,169,182.59260887954602,2024-06-16,2.0
899,,390,,2024-06-17,
900,54.0,207,334.7823456117331,2024-06-18,5.0
901,66.0,253,292.4946519444994,2024-06-19,2.0
902,58.0,334,101.56467635402257,2024-06-20,3.0
903,44.0,104,293.1002621537858,2024-06-21,2.0
904,48.0,169,334.356865860392,2024-06-22,2.0
905,23.0,123,480.16053918959204,2024-06-23,5.0
906,33.0,64,313.2729546907413,2024-06-24,1.0
907,55.0,232,485.3302707855445,2024-06-25,2.0
908,55.0,271,482.72275202299795,2024-06-26,2.0
909,67.0,325,342.5901511251189,2024-06-27,4.0
910,49.0,398,277.6585928531399,2024-06-28,2.0
911,50.0,40,259.7097847217222,2024-06-29,1.0
912,66.0,288,450.67035250210216,2024-06-30,4.0
913,34.0,105,62.715507337290546,2024-07-01,3.0
914,50.0,81,101.2136891106072,2024-07-02,3.0
915,28.0,121,95.93227810361833,2024-07-03,2.0
916,30.0,161,390.6208963044746,2024-07-04,1.0
917,47.0,302,202.84296073364064,2024-07-05,2.0
918,18.0,349,337.08584513331544,2024-07-06,3.0
919,47.0,350,321.70230672915454,2024-07-07,2.0
920,44.0,299,223.62258638413923,2024-07-08,2.0
921,57.0,324,289.20547500907935,2024-07-09,3.0
922,40.0,290,340.31234010724705,2024-07-10,3.0
923,37.0,33,473.4276484451622,2024-07-11,4.0
924,23.0,111,309.03533278744163,2024-07-12,4.0
925,54.0,174,326.4653802957414,2024-07-13,1.0
926,37.0,357,80.53511796669896,2024-07-14,1.0
927,54.0,182,478.4971166420504,2024-07-15,3.0
928,23.0,297,287.6368675592238,2024-07-16,1.0
929,46.0,180,410.57303893696485,2024-07-17,1.0
930,30.0,90,72.63097841632508,2024-07-18,4.0
931,44.0,249,239.40956108169095,2024-07-19,3.0
932,67.0,160,165.63895661871572,2024-07-20,4.0
933,37.0,102,170.13915440986548,2024-07-21,2.0
934,30.0,247,406.1541784824183,2024-07-22,3.0
935,56.0,324,330.7400263709841,2024-07-23,5.0
936,25.0,82,247.88539032928162,2024-07-24,1.0
937,34.0,255,54.763582813877036,2024-07-25,1.0
938,47.0,374,484.21757432548844,2024-07-26,3.0
939,18.0,349,482.9104640100757,2024-07-27,5.0
940,41.0,34,147.8984946260173,2024-07-28,3.0
941,33.0,273,68.60586754245051,2024-07-29,1.0
942,28.0,233,288.58971335535597,2024-07-30,1.0
943,21.0,195,478.1348665773834,2024-07-31,3.0
944,21.0,293,459.6781305942207,2024-08-01,2.0
945,34.0,180,313.09828875022845,2024-08-02,4.0
946,66.0,154,186.59698279416824,2024-08-03,3.0
947,27.0,328,198.48239769613818,2024-08-04,2.0
948,38.0,217,454.0610981687124,2024-08-05,5.0
949,55.0,253,271.30281603600963,2024-08-06,1.0
950,66.0,340,109.0023030352155,2024-08-07,1.0
951,35.0,112,161.79146418812329,2024-08-08,3.0
952,27.0,309,174.55770566037458,2024-08-09,5.0
953,62.0,113,105.5960082193592,2024-08-10,3.0
954,33.0,311,258.3699716845811,2024-08-11,4.0
955,,343,,2024-08-12,
956,32.0,227,350.9521443465174,2024-08-13,1.0
957,,375,,2024-08-14,
958,22.0,331,52.47266801412322,2024-08-15,2.0
959,,397,,2024-08-16,
960,,118,,2024-08-17,
961,25.0,345,399.5373510710491,2024-08-18,4.0
962,41.0,184,485.152485768665,2024-08-19,1.0
963,45.0,150,224.40522804059464,2024-08-20,3.0
964,64.0,147,359.0105134175875,2024-08-21,1.0
965,25.0,151,497.70585830883346,2024-08-22,2.0
966,,316,,2024-08-23,
967,52.0,172,336.28529708863,2024-08-24,3.0
968,48.0,357,85.13368438023693,2024-08-25,5.0
969,34.0,126,195.44684053762862,2024-08-26,1.0
970,45.0,219,461.02647130572063,2024-08-27,2.0
971,65.0,31,140.45246675640757,2024-08-28,5.0
972,65.0,395,429.61566167294365,2024-08-29,5.0
973,68.0,148,363.34565828622743,2024-08-30,1.0
974,29.0,201,214.8459668738396,2024-08-31,2.0
975,41.0,45,288.1284213706955,2024-09-01,5.0
976,32.0,354,294.26291093876614,2024-09-02,2.0
977,57.0,232,371.32420328324883,2024-09-03,5.0
978,48.0,115,282.45017349463825,2024-09-04,1.0
979,44.0,197,109.88419558287482,2024-09-05,1.0
980,52.0,136,398.0546021848607,2024-09-06,2.0
981,35.0,124,232.82262360775346,2024-09-07,1.0
982,53.0,286,483.3922505953673,2024-09-08,4.0
983,25.0,111,177.58120203186547,2024-09-09,1.0
984,63.0,216,168.38545113346305,2024-09-10,3.0
985,,42,,2024-09-11,
986,55.0,249,307.54265718138146,2024-09-12,2.0
987,22.0,329,452.69138309044206,2024-09-13,5.0
988,31.0,308,129.32673806300664,2024-09-14,4.0
989,,317,,2024-09-15,
990,37.0,64,311.7559294165378,2024-09-16,2.0
991,61.0,328,254.45040897268177,2024-09-17,5.0
992,26.0,354,251.2952992650764,2024-09-18,5.0
993,50.0,348,419.33041794338294,2024-09-19,3.0
994,35.0,322,465.7452361301125,2024-09-20,2.0
995,23.0,369,266.58813473144687,2024-09-21,4.0
996,54.0,202,359.3083079512732,2024-09-22,3.0
997,19.0,239,410.47641996232727,2024-09-23,3.0
998,47.0,270,283.26488467422377,2024-09-24,4.0
999,23.0,397,182.44238402918091,2024-09-25,5.0
1000,34.0,228,337.1380689750277,2024-09-26,5.0
