Customer ID,Age Group,Region,Monthly Spend ($),Product Category,Purchase Frequency
1001,46-55,West,310.14968485092004,Electronics,16
1002,56-65,North,188.5923983040501,Home Goods,4
1003,36-45,West,469.177819752905,Apparel,19
1004,36-45,East,282.7128071992033,Home Goods,13
1005,18-25,West,226.27159590810712,Apparel,11
1006,46-55,South,293.7390312031779,Apparel,9
1007,18-25,South,115.35896243063186,Apparel,18
1008,36-45,South,169.30635670454217,Apparel,17
1009,56-65,West,188.00683797641378,Electronics,3
1010,46-55,North,281.8214461315946,Apparel,10
1011,26-35,West,362.97987521349955,Electronics,1
1012,26-35,North,179.24110795747202,Electronics,12
1013,56-65,East,111.09469801500111,Home Goods,12
1014,36-45,East,301.6481822488581,Electronics,9
1015,18-25,North,434.59242412043915,Home Goods,17
1016,36-45,East,238.20443886563513,Electronics,15
1017,56-65,West,264.09780902617774,Electronics,9
1018,36-45,West,180.14383046968814,Electronics,13
1019,18-25,North,413.97535549222414,Electronics,14
1020,18-25,North,104.2992254229073,Home Goods,12
1021,46-55,West,126.98992296145263,Electronics,10
1022,46-55,West,499.98047574097626,Home Goods,12
1023,46-55,South,356.99708868328395,Electronics,2
1024,36-45,East,296.6235829595197,Apparel,14
1025,26-35,South,407.7985753212405,Home Goods,10
1026,36-45,North,498.59710460214876,Apparel,17
1027,18-25,East,135.89342638283944,Home Goods,8
1028,46-55,South,406.12686744099926,Electronics,11
1029,56-65,West,203.97293716422234,Home Goods,8
1030,26-35,North,379.05470824337203,Electronics,7
1031,36-45,West,368.44687739199964,Home Goods,3
1032,26-35,North,499.24851925911855,Electronics,11
1033,56-65,West,100.34242332640964,Home Goods,6
1034,46-55,West,50.95642766743748,Apparel,18
1035,46-55,West,386.50300907500525,Home Goods,7
1036,18-25,South,305.9496132344631,Home Goods,18
1037,36-45,West,360.8933575827456,Home Goods,5
1038,18-25,South,389.086265671879,Electronics,7
1039,26-35,South,272.0779482991263,Apparel,10
1040,56-65,East,210.440536268263,Electronics,18
1041,56-65,West,396.66914883612424,Apparel,1
1042,18-25,East,221.0584678997245,Home Goods,16
1043,18-25,South,329.98652127068726,Electronics,19
1044,26-35,South,452.0327119320445,Electronics,12
1045,46-55,North,121.27616244562502,Home Goods,9
1046,56-65,East,54.00777195138089,Electronics,9
1047,18-25,South,165.5404750394146,Apparel,7
1048,56-65,East,408.86237455096494,Electronics,10
1049,46-55,East,305.0715391205723,Home Goods,17
1050,56-65,East,475.7723885909444,Home Goods,12
1051,46-55,North,296.5433449377557,Electronics,7
1052,46-55,West,169.60162216489226,Apparel,17
1053,36-45,South,394.64838711470117,Home Goods,14
1054,26-35,South,345.89767366175465,Apparel,8
1055,56-65,West,419.3075119827139,Electronics,5
1056,46-55,South,350.59931421008787,Home Goods,15
1057,56-65,North,253.37705466628194,Electronics,6
1058,18-25,North,174.6872010921697,Apparel,9
1059,26-35,West,75.02020914616654,Apparel,5
1060,26-35,West,188.57131370391468,Apparel,2
1061,18-25,West,70.81631490497843,Home Goods,6
1062,18-25,North,243.51218183841684,Home Goods,2
1063,56-65,South,151.60996035071616,Home Goods,18
1064,36-45,East,366.6414237313953,Apparel,13
1065,56-65,North,149.08033695042548,Home Goods,2
1066,56-65,East,86.64432600485212,Apparel,8
1067,46-55,North,427.4587752799877,Home Goods,9
1068,56-65,North,77.01478713241926,Electronics,15
1069,26-35,West,387.93130670727146,Electronics,5
1070,36-45,North,468.241396691735,Apparel,17
1071,18-25,South,98.20810340661859,Apparel,10
1072,26-35,North,301.85056844109226,Electronics,1
1073,18-25,South,253.27701961401547,Apparel,3
1074,46-55,North,409.4195264223006,Apparel,14
1075,56-65,North,330.56600274710934,Home Goods,14
1076,46-55,East,175.22304645701865,Home Goods,16
1077,18-25,North,50.661052764066596,Home Goods,8
1078,56-65,North,267.2904779786821,Apparel,3
1079,56-65,East,452.3489970770599,Home Goods,11
1080,46-55,North,457.4134266452003,Home Goods,12
1081,18-25,West,106.38364237407245,Home Goods,16
1082,36-45,South,437.30463531141004,Apparel,5
1083,46-55,West,65.4940786085664,Home Goods,15
1084,26-35,North,91.55717390309549,Home Goods,7
1085,26-35,South,484.79936556402515,Apparel,3
1086,26-35,North,224.13533323619964,Apparel,11
1087,18-25,South,81.8527534937244,Home Goods,5
1088,26-35,North,261.7049094590846,Apparel,11
1089,26-35,East,70.76165888064146,Home Goods,14
1090,56-65,North,57.3665697047118,Electronics,18
1091,56-65,South,302.78760324613904,Electronics,15
1092,56-65,North,145.0427989077935,Apparel,13
1093,18-25,North,329.86066540471984,Electronics,9
1094,26-35,North,200.61466872965664,Home Goods,18
1095,46-55,West,109.61466479807125,Apparel,16
1096,26-35,South,492.980836202752,Apparel,8
1097,56-65,South,162.47363696694381,Apparel,12
1098,26-35,North,77.88971573338851,Home Goods,5
1099,56-65,North,175.4764790901482,Apparel,18
1100,26-35,North,163.2650251550952,Home Goods,13
1101,18-25,East,184.840836897911,Electronics,8
1102,36-45,East,210.0534040403358,Apparel,19
1103,36-45,West,412.32433135080606,Electronics,18
1104,26-35,North,76.90299617651087,Home Goods,8
1105,46-55,North,209.53970152959087,Electronics,8
1106,26-35,West,96.68549433435405,Apparel,9
1107,26-35,West,491.988490740518,Electronics,18
1108,36-45,North,114.78727954136893,Apparel,12
1109,26-35,North,265.5657251639582,Electronics,19
1110,26-35,East,266.01954467175915,Electronics,14
1111,56-65,South,401.53019385580666,Electronics,17
1112,26-35,South,172.4656420811,Electronics,13
1113,56-65,South,381.9982358825013,Apparel,13
1114,18-25,West,61.852351613385814,Electronics,12
1115,46-55,North,467.21769694129557,Electronics,15
1116,26-35,West,94.53004306606297,Electronics,3
1117,56-65,West,266.3732769703503,Apparel,19
1118,56-65,East,128.04337096775285,Electronics,7
1119,26-35,South,215.87754783462088,Electronics,2
1120,36-45,West,338.90923254626904,Apparel,6
1121,36-45,East,114.11247873940317,Electronics,8
1122,26-35,North,180.09883396869924,Home Goods,17
1123,26-35,North,355.6320497165794,Electronics,9
1124,36-45,West,430.04504641871074,Home Goods,1
1125,26-35,South,316.803993080457,Electronics,7
1126,26-35,West,285.3430993755606,Electronics,2
1127,36-45,North,99.32405552149524,Apparel,1
1128,56-65,South,115.94320769896983,Home Goods,4
1129,18-25,East,481.18611702089726,Electronics,10
1130,26-35,North,51.18118703764047,Electronics,16
1131,36-45,South,267.9884088563431,Electronics,6
1132,26-35,South,390.3541163339561,Electronics,13
1133,26-35,West,144.48336359282527,Electronics,3
1134,56-65,North,256.8036723475386,Home Goods,2
1135,18-25,West,271.87753592534943,Apparel,8
1136,26-35,West,167.1787209656876,Apparel,12
1137,18-25,East,445.43806297977903,Home Goods,19
1138,36-45,East,466.32028103250457,Apparel,14
1139,36-45,East,387.20158268847206,Apparel,13
1140,46-55,West,53.88646627267115,Home Goods,13
1141,56-65,North,333.0165054795871,Apparel,18
1142,36-45,West,154.45034059126965,Electronics,10
1143,26-35,North,170.23309660128453,Apparel,12
1144,26-35,East,132.71177970685562,Apparel,4
1145,36-45,North,307.5851428054661,Electronics,3
1146,46-55,West,251.02339517907387,Home Goods,9
1147,56-65,East,137.1038492162452,Electronics,11
1148,46-55,South,469.6884189590531,Home Goods,8
1149,18-25,West,157.6504189937441,Electronics,14
1150,56-65,South,400.4325065782049,Home Goods,9
1151,56-65,East,61.11090511413319,Electronics,16
1152,26-35,West,132.56604882678062,Electronics,12
1153,56-65,North,418.4897303808943,Electronics,18
1154,56-65,East,291.3919502453815,Home Goods,4
1155,26-35,West,340.74839018759246,Home Goods,5
1156,56-65,North,243.00427611776252,Home Goods,16
1157,46-55,South,246.03445836073874,Apparel,19
1158,56-65,South,106.4318062093103,Apparel,3
1159,36-45,North,126.94669068576742,Electronics,10
1160,56-65,East,463.54868459878594,Electronics,12
1161,56-65,North,255.934446050364,Electronics,19
1162,18-25,East,262.60479006116134,Electronics,13
1163,18-25,East,349.8488478030892,Electronics,6
1164,46-55,South,56.35712976814855,Apparel,16
1165,18-25,West,289.7123690288537,Electronics,12
1166,46-55,East,448.4009983509322,Apparel,3
1167,18-25,South,237.78702506795278,Apparel,11
1168,18-25,South,235.6716580517268,Electronics,15
1169,26-35,North,253.9896145729161,Home Goods,13
1170,46-55,West,434.79592362699714,Apparel,11
1171,56-65,West,324.50048877597317,Apparel,8
1172,18-25,West,386.3079063560499,Home Goods,16
1173,46-55,West,373.16757084194603,Apparel,4
1174,56-65,West,72.886887111952,Home Goods,16
1175,18-25,South,489.51483169029325,Electronics,12
1176,36-45,West,367.79367757814475,Electronics,1
1177,56-65,South,311.05636078042215,Electronics,3
1178,18-25,West,70.3294609773393,Apparel,15
1179,18-25,West,463.1365356523917,Home Goods,14
1180,56-65,South,261.30056735976655,Home Goods,7
1181,46-55,West,460.0365716376436,Apparel,14
1182,26-35,East,238.28312010831002,Home Goods,15
1183,18-25,North,309.7872500576197,Apparel,13
1184,46-55,East,452.17306828523016,Apparel,19
1185,36-45,South,257.3739197933098,Apparel,15
1186,56-65,West,130.78913143709389,Electronics,2
1187,46-55,East,241.2792110360372,Home Goods,16
1188,46-55,West,221.73198312589798,Home Goods,9
1189,46-55,South,378.8883791144845,Apparel,13
1190,26-35,North,428.3301319570719,Electronics,1
1191,26-35,South,55.09951803887303,Apparel,12
1192,36-45,West,272.6668103411205,Apparel,5
1193,18-25,South,170.2701676756888,Apparel,11
1194,26-35,South,123.99471035500366,Home Goods,12
1195,26-35,West,349.5675504071186,Home Goods,11
1196,26-35,East,425.99553852737455,Electronics,3
1197,26-35,South,294.9825892951977,Apparel,6
1198,36-45,South,137.20737067749337,Apparel,3
1199,46-55,West,388.0783971510381,Home Goods,3
1200,56-65,South,284.59970103081605,Apparel,2
1201,56-65,South,412.08715705793435,Electronics,1
1202,46-55,South,484.12527191043415,Electronics,1
1203,18-25,South,238.7079462806481,Electronics,6
1204,36-45,East,193.55094295076594,Apparel,3
1205,36-45,West,176.93577907220646,Home Goods,6
1206,26-35,North,360.94390999347524,Home Goods,13
1207,46-55,North,487.34483368092367,Apparel,2
1208,26-35,North,178.61852934560153,Apparel,8
1209,56-65,North,258.0251970489884,Home Goods,8
1210,56-65,East,309.34891690788254,Electronics,3
1211,46-55,South,479.26561597089847,Electronics,13
1212,56-65,South,161.21532469601078,Electronics,15
1213,36-45,East,482.73483905380897,Electronics,19
1214,26-35,West,285.81174256591555,Apparel,17
1215,36-45,North,377.7741329405023,Electronics,18
1216,46-55,East,401.6034035414586,Home Goods,4
1217,46-55,East,124.07415300353081,Home Goods,19
1218,56-65,West,488.635072250096,Home Goods,1
1219,18-25,West,489.25426001367487,Home Goods,1
1220,18-25,North,439.77652486574294,Electronics,6
1221,46-55,East,429.5096669626918,Home Goods,9
1222,36-45,South,196.8189897785899,Electronics,12
1223,26-35,East,433.42990731554653,Electronics,6
1224,18-25,North,449.74758070681656,Apparel,9
1225,18-25,North,169.936903051718,Home Goods,17
1226,36-45,North,126.79529896715388,Electronics,7
1227,46-55,West,390.64043711466314,Electronics,19
1228,56-65,East,309.9808822519595,Home Goods,6
1229,36-45,West,98.53843992582165,Home Goods,11
1230,46-55,North,229.77751957614694,Home Goods,4
1231,26-35,South,199.39997532453197,Home Goods,19
1232,46-55,North,347.3108662986378,Apparel,1
1233,56-65,South,239.18231930815298,Electronics,14
1234,46-55,East,341.904334767977,Electronics,8
1235,46-55,North,409.72463063520894,Home Goods,17
1236,36-45,North,368.1826485195564,Electronics,4
1237,56-65,South,327.8909043083747,Electronics,6
1238,56-65,East,457.910478420351,Apparel,18
1239,18-25,South,161.50179052452637,Apparel,17
1240,18-25,East,278.40042448383457,Electronics,4
1241,26-35,South,390.2502438518758,Apparel,4
1242,26-35,South,150.81547864640322,Home Goods,11
1243,56-65,West,145.26213872591424,Apparel,10
1244,46-55,North,357.9228703194063,Apparel,6
1245,18-25,South,401.2876205385532,Home Goods,16
1246,26-35,East,448.8641547393656,Home Goods,19
1247,56-65,South,251.74116003219214,Apparel,11
1248,46-55,East,372.33324156870833,Apparel,8
1249,36-45,South,126.92729940242143,Apparel,11
1250,46-55,West,191.641663580207,Apparel,10
1251,18-25,West,334.45436642453274,Home Goods,15
1252,46-55,West,116.54759840292353,Electronics,2
1253,18-25,North,480.0570749126689,Electronics,8
1254,36-45,South,107.53586500482514,Home Goods,12
1255,46-55,East,399.54387571485995,Apparel,2
1256,36-45,West,193.37623487088132,Apparel,9
1257,18-25,East,379.8073764926248,Electronics,4
1258,18-25,North,232.14096854676788,Electronics,7
1259,18-25,East,386.43298036051755,Apparel,9
1260,56-65,West,455.15225421753325,Home Goods,14
1261,18-25,West,318.2645015637908,Home Goods,3
1262,26-35,North,123.76763007218887,Home Goods,11
1263,46-55,South,477.9812412721861,Apparel,19
1264,56-65,East,289.6185122807249,Apparel,7
1265,36-45,North,157.74232731724715,Apparel,10
1266,36-45,South,233.7922852533411,Apparel,12
1267,26-35,South,374.49164825680396,Electronics,3
1268,46-55,North,470.8851837739527,Home Goods,8
1269,26-35,North,457.96384297329126,Electronics,17
1270,46-55,South,113.13018405522263,Apparel,13
1271,36-45,South,442.3053133015238,Electronics,3
1272,26-35,North,315.5752311422962,Electronics,5
1273,36-45,North,234.35575923153726,Electronics,9
1274,46-55,South,258.96516095003335,Home Goods,17
1275,26-35,West,407.5752732192387,Apparel,16
1276,26-35,South,430.1487857313436,Apparel,2
1277,56-65,East,346.0536026568181,Home Goods,7
1278,56-65,East,76.30758186255193,Home Goods,7
1279,46-55,North,413.8086529823181,Home Goods,5
1280,46-55,West,61.58489618744126,Home Goods,2
1281,26-35,North,224.49566390981295,Apparel,16
1282,56-65,West,249.87534697045325,Home Goods,12
1283,46-55,South,277.74801237441034,Apparel,16
1284,26-35,West,165.17902675777896,Home Goods,11
1285,46-55,South,238.57978612116068,Apparel,12
1286,18-25,North,404.2842919647792,Electronics,19
1287,56-65,North,172.06988300787413,Electronics,11
1288,46-55,North,415.96284288726633,Home Goods,13
1289,36-45,North,55.65913289312856,Home Goods,17
1290,26-35,South,114.25949010864977,Apparel,19
1291,26-35,West,466.38530337873806,Apparel,3
1292,56-65,East,261.67996814941085,Electronics,12
1293,56-65,East,72.85893795656523,Apparel,7
1294,26-35,North,324.699463682478,Home Goods,2
1295,46-55,North,255.2031683589138,Apparel,10
1296,56-65,East,89.86445096081086,Electronics,11
1297,56-65,South,206.58312191698838,Electronics,4
1298,26-35,South,326.49173795929954,Electronics,12
1299,26-35,West,332.46884505295327,Apparel,5
1300,46-55,West,449.10636332259133,Electronics,12
1301,26-35,North,271.62774022239046,Home Goods,19
1302,18-25,North,97.13200727348612,Home Goods,7
1303,46-55,East,101.09889818304036,Electronics,11
1304,36-45,West,237.56148802882564,Apparel,10
1305,46-55,North,133.39451242831177,Home Goods,7
1306,18-25,East,464.4292247660962,Electronics,11
1307,36-45,South,145.4352092099523,Apparel,10
1308,46-55,West,219.36639046719517,Electronics,6
1309,26-35,North,280.5718470811346,Electronics,12
1310,36-45,West,198.6810068221193,Apparel,5
1311,56-65,West,349.0683197980023,Apparel,16
1312,26-35,East,322.36500019784535,Apparel,19
1313,46-55,North,472.7154626546375,Apparel,15
1314,26-35,West,424.38157724620913,Home Goods,8
1315,26-35,West,321.3327598739348,Electronics,7
1316,26-35,North,251.02027069125708,Apparel,3
1317,56-65,West,326.6486092628192,Apparel,10
1318,26-35,East,330.37969981284374,Electronics,4
1319,56-65,West,171.309919971204,Electronics,9
1320,46-55,North,130.1079134552955,Apparel,9
1321,18-25,East,283.5533992000853,Home Goods,4
1322,56-65,West,188.26840872745876,Apparel,17
1323,26-35,North,223.35370101148223,Home Goods,9
1324,56-65,North,50.748630654654654,Home Goods,10
1325,36-45,North,356.75509003152064,Apparel,1
1326,46-55,West,76.10695572503307,Apparel,2
1327,26-35,East,380.9621606908747,Home Goods,19
1328,36-45,West,143.58193613269646,Apparel,5
1329,36-45,North,124.14420641975207,Electronics,17
1330,56-65,South,320.2503017748079,Apparel,13
1331,36-45,East,492.5628221021785,Apparel,19
1332,26-35,South,239.93131557448942,Apparel,1
1333,36-45,South,441.19359592892107,Apparel,13
1334,36-45,East,77.82839401834211,Electronics,5
1335,56-65,East,278.9007158455956,Home Goods,8
1336,26-35,West,356.7946389132371,Electronics,10
1337,18-25,South,218.92514854560457,Electronics,14
1338,46-55,West,108.26128510330679,Apparel,7
1339,18-25,West,56.93290062210764,Apparel,5
1340,18-25,West,224.03405123941866,Apparel,1
1341,26-35,East,384.2323102148781,Electronics,12
1342,26-35,South,495.748280223142,Apparel,5
1343,36-45,North,258.382680661,Apparel,16
1344,46-55,East,182.7127298622652,Electronics,10
1345,56-65,East,206.00007847007544,Home Goods,7
1346,26-35,South,91.36898563918464,Electronics,14
1347,26-35,South,252.5509545186888,Apparel,14
1348,36-45,South,332.2078803720311,Home Goods,4
1349,46-55,South,330.6098355066863,Apparel,12
1350,56-65,South,55.746062380808745,Electronics,8
1351,46-55,North,335.1793840434577,Home Goods,4
1352,46-55,West,349.5588928962729,Apparel,4
1353,36-45,West,275.9110377800454,Electronics,5
1354,18-25,East,475.19568473913984,Apparel,10
1355,26-35,West,166.12013487317802,Apparel,18
1356,18-25,West,433.36215889346056,Electronics,3
1357,18-25,West,128.3997037154253,Home Goods,14
1358,18-25,North,167.87982850755887,Home Goods,11
1359,36-45,North,142.20444878232252,Home Goods,16
1360,56-65,West,448.39377336240256,Electronics,6
1361,46-55,South,407.08655576367136,Electronics,6
1362,18-25,West,252.717698798352,Electronics,7
1363,56-65,South,220.11038235600543,Apparel,7
1364,36-45,East,55.80558038880722,Electronics,2
1365,56-65,South,365.87281484169677,Home Goods,9
1366,36-45,North,484.2221563690552,Apparel,12
1367,46-55,East,400.3336956265129,Apparel,11
1368,26-35,North,154.88448179842712,Home Goods,6
1369,26-35,North,169.0259141345761,Home Goods,10
1370,46-55,North,240.26128946544446,Home Goods,18
1371,36-45,West,233.47925741447216,Apparel,19
1372,26-35,North,154.55195666063494,Home Goods,3
1373,18-25,North,406.22800450754943,Home Goods,9
1374,36-45,North,403.73856494787304,Electronics,11
1375,26-35,West,367.9118756495671,Apparel,1
1376,26-35,West,52.23227070608618,Apparel,2
1377,18-25,North,462.82023428006147,Home Goods,12
1378,46-55,North,201.90114729778756,Home Goods,3
1379,26-35,East,62.96843990555381,Electronics,18
1380,18-25,North,336.8385653975065,Apparel,12
1381,56-65,South,381.9196828255445,Apparel,16
1382,46-55,West,351.93245658103064,Electronics,6
1383,36-45,East,225.91231165863996,Home Goods,18
1384,46-55,South,437.5247002326007,Apparel,6
1385,26-35,North,210.42882967486858,Electronics,12
1386,26-35,East,292.21621249413596,Home Goods,3
1387,18-25,East,464.79044272793095,Apparel,9
1388,26-35,West,377.5528947759456,Electronics,12
1389,46-55,South,92.60074530908031,Electronics,8
1390,18-25,East,399.71238836471275,Home Goods,13
1391,56-65,West,455.7609425941585,Apparel,1
1392,56-65,South,421.42472744726837,Electronics,2
1393,56-65,West,264.54437847823147,Home Goods,15
1394,18-25,West,421.3165060783661,Electronics,12
1395,46-55,East,84.03309093506766,Home Goods,10
1396,18-25,West,164.401975321596,Electronics,18
1397,36-45,East,440.0901032246872,Apparel,5
1398,18-25,North,68.62451504332135,Apparel,3
1399,26-35,North,229.12430862659764,Home Goods,7
1400,56-65,North,437.211448590395,Electronics,6
1401,18-25,North,250.6346459746101,Home Goods,19
1402,36-45,South,88.07934593930108,Home Goods,17
1403,26-35,East,256.60063545202195,Home Goods,7
1404,46-55,East,379.49716970928984,Electronics,16
1405,18-25,North,192.37638838281214,Home Goods,16
1406,56-65,West,457.93891335713204,Electronics,7
1407,26-35,East,473.3583804747528,Home Goods,10
1408,18-25,North,125.49451136647593,Home Goods,14
1409,26-35,West,92.02389717329322,Apparel,2
1410,26-35,North,184.7105615060257,Apparel,17
1411,26-35,East,261.0691912981505,Home Goods,15
1412,36-45,North,120.65633230793972,Apparel,2
1413,18-25,West,158.70574089282013,Home Goods,8
1414,26-35,South,469.9844389769461,Apparel,15
1415,18-25,North,371.6960096727315,Home Goods,15
1416,26-35,North,319.0756975863494,Apparel,4
1417,56-65,South,368.580072749383,Electronics,9
1418,18-25,West,51.226641054274204,Home Goods,18
1419,18-25,North,115.48461513059576,Home Goods,9
1420,56-65,North,361.2876009499441,Electronics,10
1421,18-25,West,371.73582406269816,Electronics,2
1422,26-35,North,433.83781476420165,Electronics,4
1423,36-45,West,313.49760281429496,Electronics,1
1424,18-25,South,300.76251978469725,Electronics,4
1425,56-65,West,228.9369825852125,Apparel,13
1426,36-45,North,417.4502361937344,Apparel,9
1427,18-25,West,433.4103734674472,Apparel,8
1428,26-35,North,253.2168333829948,Apparel,15
1429,46-55,East,219.0167877229521,Apparel,17
1430,46-55,South,72.68229154100021,Electronics,14
1431,36-45,South,406.43445921737,Home Goods,6
1432,56-65,West,352.8756725148961,Apparel,19
1433,18-25,South,247.64088682479942,Home Goods,14
1434,46-55,North,277.1084180363188,Electronics,7
1435,46-55,South,453.22351317358306,Home Goods,6
1436,18-25,South,444.9533345783795,Electronics,13
1437,18-25,North,130.5875832829551,Home Goods,2
1438,56-65,East,432.05427171174983,Home Goods,5
1439,18-25,West,279.3825245152598,Electronics,15
1440,46-55,South,97.75307706335589,Electronics,15
1441,18-25,South,190.16767346529383,Apparel,6
1442,26-35,South,359.125582991233,Electronics,13
1443,46-55,South,452.0452596810878,Apparel,12
1444,36-45,North,98.75738050828664,Apparel,7
1445,56-65,South,324.34393937340957,Electronics,9
1446,46-55,North,355.1580166360295,Home Goods,12
1447,18-25,West,174.27965282494728,Apparel,4
1448,56-65,North,390.48826820861694,Apparel,18
1449,56-65,West,96.4977412139834,Apparel,16
1450,36-45,East,157.85459961833243,Electronics,17
1451,26-35,South,50.220933710019544,Electronics,13
1452,26-35,South,276.2320625605124,Home Goods,16
1453,18-25,South,168.54617983851887,Apparel,16
1454,26-35,East,85.13036262494305,Home Goods,18
1455,56-65,South,446.39665411048816,Electronics,12
1456,18-25,West,139.39924317600762,Apparel,10
1457,26-35,North,305.29390485925285,Electronics,2
1458,18-25,South,172.15944362149742,Apparel,7
1459,56-65,East,318.87480904751754,Electronics,6
1460,56-65,South,344.43348516404996,Electronics,12
1461,46-55,East,376.5160813149395,Home Goods,4
1462,26-35,South,183.07673540975765,Home Goods,18
1463,26-35,East,71.26480327885525,Electronics,18
1464,36-45,South,435.77224157602166,Apparel,17
1465,26-35,South,486.182204091054,Home Goods,18
1466,18-25,West,448.8011234516693,Apparel,1
1467,18-25,East,87.17452189861726,Electronics,19
1468,56-65,West,403.3112876701432,Home Goods,18
1469,18-25,South,268.7015590725648,Electronics,16
1470,36-45,East,334.45460160458515,Apparel,5
1471,56-65,West,325.2718627901755,Home Goods,5
1472,56-65,South,290.7640805387812,Home Goods,13
1473,56-65,West,353.7850727835047,Apparel,2
1474,26-35,North,327.34464283607986,Electronics,15
1475,18-25,East,309.57835263821784,Apparel,1
1476,26-35,East,114.27103990945439,Electronics,17
1477,46-55,South,439.2218519117231,Electronics,3
1478,56-65,West,389.0729401503866,Apparel,12
1479,46-55,West,483.9661399693601,Electronics,9
1480,26-35,West,406.2843515404119,Home Goods,18
1481,18-25,North,312.13457194139755,Home Goods,19
1482,56-65,East,462.7253979902367,Home Goods,3
1483,46-55,North,344.41821888394924,Home Goods,9
1484,46-55,West,189.55836037223327,Home Goods,10
1485,56-65,East,128.97653633397834,Home Goods,14
1486,36-45,South,321.93850065064254,Home Goods,16
1487,56-65,North,381.27836072223704,Home Goods,15
1488,46-55,West,420.8729607113816,Electronics,9
1489,26-35,North,178.37957275263503,Home Goods,17
1490,26-35,West,455.90006373180154,Home Goods,7
1491,46-55,West,310.0870743049985,Electronics,18
1492,26-35,West,375.39187459898847,Electronics,19
1493,26-35,East,413.65977490088665,Electronics,6
1494,36-45,North,469.076892854339,Electronics,2
1495,46-55,West,180.4956561953537,Electronics,10
1496,18-25,West,226.60997838171912,Electronics,14
1497,36-45,South,454.9852874744761,Apparel,15
1498,46-55,North,425.51426230415063,Apparel,2
1499,26-35,North,229.61130980321235,Electronics,6
1500,26-35,South,260.30221963078543,Electronics,18
1501,18-25,West,372.7164317330855,Home Goods,8
1502,26-35,North,77.56234074575872,Home Goods,6
1503,18-25,North,215.29337700877554,Electronics,7
1504,26-35,South,142.80359008953445,Home Goods,12
1505,56-65,South,283.4578326623922,Home Goods,15
1506,56-65,North,397.44609177011756,Electronics,9
1507,26-35,South,108.46618997691893,Home Goods,6
1508,18-25,North,494.03050572232655,Apparel,3
1509,18-25,West,260.20026967054264,Apparel,16
1510,36-45,West,397.85750915490246,Home Goods,16
1511,56-65,East,208.5873561368235,Apparel,9
1512,36-45,East,269.6615501714041,Electronics,10
1513,18-25,West,484.1889087442612,Electronics,19
1514,26-35,North,360.6179706750266,Electronics,9
1515,56-65,North,61.54394906450452,Electronics,16
1516,46-55,North,154.39196001761877,Apparel,6
1517,26-35,South,166.6673406455368,Electronics,7
1518,18-25,North,481.50811607169317,Home Goods,17
1519,56-65,West,396.3059014884003,Electronics,6
1520,18-25,South,355.3837777098243,Apparel,13
1521,18-25,West,81.34283239852155,Home Goods,5
1522,46-55,South,411.71653642427134,Home Goods,15
1523,18-25,North,131.752967676804,Home Goods,14
1524,18-25,East,116.9512135482357,Apparel,18
1525,18-25,West,440.9824566559676,Home Goods,16
1526,46-55,North,52.266714776345665,Electronics,17
1527,36-45,East,78.47594784644993,Electronics,9
1528,18-25,South,463.73269500976863,Apparel,14
1529,18-25,East,163.19994364609644,Apparel,17
1530,26-35,North,398.4522234637848,Electronics,3
1531,56-65,East,345.7279343393086,Electronics,10
1532,56-65,East,100.50456303060986,Home Goods,10
1533,56-65,North,407.7180065055169,Electronics,11
1534,56-65,East,143.32594351185952,Electronics,7
1535,56-65,North,362.9419614671235,Electronics,4
1536,26-35,West,221.38400416045076,Home Goods,15
1537,46-55,North,295.1419362380367,Home Goods,5
1538,56-65,East,475.7929068475107,Apparel,18
1539,26-35,East,166.63095067105962,Home Goods,14
1540,26-35,East,185.494755798056,Electronics,11
1541,18-25,East,181.636437515157,Apparel,13
1542,56-65,East,216.51022719447295,Electronics,11
1543,26-35,West,309.48054678499886,Electronics,18
1544,26-35,North,410.1130367138337,Electronics,8
1545,26-35,West,451.9010831682221,Electronics,8
1546,26-35,East,77.53499789630206,Apparel,19
1547,36-45,North,342.5434407711845,Apparel,7
1548,26-35,West,316.5820683833731,Home Goods,2
1549,46-55,East,320.4225765557217,Home Goods,9
1550,46-55,East,406.99999032793596,Electronics,5
1551,56-65,East,472.03531932506013,Apparel,17
1552,56-65,East,386.7152729994339,Apparel,15
1553,56-65,South,127.23111520108124,Electronics,9
1554,26-35,South,479.593023250016,Electronics,16
1555,56-65,East,439.3427118661529,Home Goods,16
1556,56-65,South,184.8449418119198,Electronics,1
1557,46-55,South,105.01355035934209,Apparel,12
1558,56-65,North,412.6957709131654,Home Goods,19
1559,18-25,South,489.35832119936606,Home Goods,3
1560,26-35,North,107.3691986054829,Apparel,9
1561,26-35,East,343.1117067398964,Home Goods,1
1562,26-35,West,54.42659962083855,Home Goods,5
1563,18-25,East,65.9718084136962,Apparel,8
1564,36-45,East,403.331994626166,Home Goods,15
1565,36-45,South,417.0126125744439,Home Goods,10
1566,46-55,East,207.2057734333648,Apparel,4
1567,36-45,North,251.58216674977245,Electronics,11
1568,18-25,South,400.7647401891932,Apparel,5
1569,46-55,South,435.9670948558852,Home Goods,13
1570,26-35,North,174.24532952125693,Home Goods,16
1571,56-65,South,402.92954233831244,Apparel,15
1572,26-35,West,140.39512337568362,Apparel,5
1573,56-65,South,251.3040112517603,Apparel,15
1574,56-65,North,373.5037633136814,Apparel,4
1575,26-35,East,358.60929140519636,Apparel,19
1576,18-25,West,276.0300754411934,Home Goods,7
1577,26-35,South,351.443032335873,Apparel,11
1578,18-25,North,72.73980081043496,Electronics,15
1579,36-45,South,179.72026545275457,Apparel,13
1580,36-45,North,147.32283545061728,Electronics,19
1581,26-35,South,86.8068840719107,Home Goods,9
1582,18-25,East,143.46011089344438,Apparel,9
1583,26-35,West,437.0135620078598,Apparel,19
1584,18-25,North,453.3257332522007,Electronics,14
1585,18-25,East,289.8978102296202,Apparel,19
1586,26-35,North,267.97781233556236,Electronics,19
1587,18-25,South,258.4254649575746,Electronics,15
1588,18-25,South,481.57024446477845,Apparel,16
1589,46-55,West,473.3684041390745,Apparel,10
1590,46-55,South,147.4195647563775,Electronics,14
1591,56-65,South,92.74628718182838,Apparel,19
1592,18-25,North,74.47242685863884,Electronics,12
1593,56-65,North,210.9485084894762,Home Goods,10
1594,36-45,South,237.89428295848222,Electronics,9
1595,18-25,East,161.45408483778198,Home Goods,16
1596,36-45,South,464.10128265194595,Electronics,2
1597,46-55,West,426.71930192965397,Home Goods,14
1598,36-45,East,385.00838332148135,Electronics,1
1599,36-45,North,267.75337857333767,Home Goods,1
1600,26-35,North,448.92309577510485,Electronics,10
1601,18-25,South,475.33430978835185,Home Goods,1
1602,18-25,South,449.4524000525202,Apparel,19
1603,56-65,West,167.61255241923362,Home Goods,4
1604,36-45,South,438.90231824133707,Home Goods,1
1605,46-55,West,207.6652003516466,Home Goods,5
1606,46-55,North,105.47070047577881,Electronics,19
1607,36-45,South,384.6300796372625,Apparel,4
1608,26-35,West,413.99805225930277,Apparel,9
1609,36-45,South,494.0513431279624,Electronics,15
1610,36-45,East,266.43086783989213,Home Goods,7
1611,46-55,North,162.96014212030914,Electronics,5
1612,36-45,South,79.42618432035945,Home Goods,4
1613,56-65,East,235.9326062202817,Apparel,19
1614,46-55,East,309.8428812760131,Apparel,1
1615,46-55,West,273.4241369752946,Electronics,2
1616,26-35,South,123.2544422405019,Electronics,10
1617,36-45,West,217.19546169508143,Electronics,16
1618,46-55,North,463.0579005114069,Electronics,19
1619,36-45,East,256.6822370387443,Home Goods,19
1620,18-25,North,280.50055051021366,Electronics,9
1621,26-35,East,262.3602284484215,Home Goods,16
1622,46-55,East,223.1218682872525,Electronics,17
1623,56-65,North,77.282190902848,Home Goods,15
1624,26-35,West,153.1330285748308,Home Goods,19
1625,36-45,West,274.9990263491187,Electronics,13
1626,26-35,East,312.9947738211476,Electronics,16
1627,18-25,West,265.16208177832715,Apparel,16
1628,26-35,South,213.75174844487884,Electronics,19
1629,46-55,West,411.57386211754454,Electronics,8
1630,18-25,South,362.64452572125026,Home Goods,15
1631,36-45,East,475.4390678866546,Home Goods,8
1632,18-25,West,62.48100483923879,Electronics,15
1633,56-65,South,384.8357523303986,Home Goods,19
1634,26-35,West,77.61914085675629,Apparel,5
1635,36-45,North,180.9407469247528,Home Goods,16
1636,46-55,North,462.6958854500796,Home Goods,2
1637,56-65,West,398.9098833918419,Apparel,7
1638,26-35,West,347.9086231237529,Apparel,2
1639,46-55,West,229.86341222120174,Apparel,13
1640,56-65,South,72.42239695680169,Electronics,10
1641,26-35,South,167.1137621402658,Home Goods,8
1642,46-55,South,266.39096780716363,Apparel,16
1643,36-45,North,240.25027680244997,Electronics,15
1644,26-35,West,256.1596299513501,Apparel,10
1645,46-55,East,63.6399181976275,Apparel,10
1646,56-65,South,334.8833473531783,Apparel,5
1647,36-45,West,252.93451186256587,Apparel,4
1648,56-65,South,57.554922892804804,Electronics,6
1649,36-45,West,472.6460038639484,Electronics,11
1650,46-55,North,138.96519039620546,Apparel,7
1651,26-35,West,126.3153175659403,Apparel,10
1652,46-55,East,389.7923203426019,Apparel,9
1653,56-65,North,206.89841955107227,Home Goods,11
1654,18-25,South,325.1967712104895,Apparel,19
1655,46-55,North,52.68476336853698,Apparel,12
1656,36-45,East,244.14525211842144,Home Goods,1
1657,56-65,North,61.175305236311544,Home Goods,10
1658,46-55,North,144.30283339296807,Apparel,5
1659,56-65,West,137.62283623305424,Home Goods,11
1660,36-45,East,486.9170416521417,Home Goods,2
1661,36-45,West,186.08588891820963,Home Goods,3
1662,36-45,South,427.66312366669183,Electronics,3
1663,26-35,North,239.3404616728677,Home Goods,17
1664,46-55,North,437.9581986744908,Electronics,14
1665,26-35,East,348.2542532393388,Electronics,7
1666,36-45,South,53.19159102680252,Electronics,10
1667,18-25,East,100.22010131249681,Electronics,13
1668,46-55,West,64.1052530840418,Electronics,10
1669,46-55,West,90.70027457016636,Home Goods,3
1670,56-65,South,149.14133142985384,Home Goods,7
1671,26-35,South,403.5122095163786,Home Goods,10
1672,18-25,North,380.15628388254333,Home Goods,5
1673,26-35,West,160.12110027790263,Home Goods,8
1674,26-35,South,225.69032369901709,Home Goods,18
1675,36-45,South,436.76957082121226,Electronics,9
1676,46-55,North,82.54452166735368,Home Goods,10
1677,26-35,North,304.16709141285685,Home Goods,2
1678,18-25,South,101.7626284516283,Apparel,16
1679,46-55,West,497.3246269091344,Electronics,18
1680,46-55,South,248.7407685694272,Apparel,6
1681,26-35,West,461.87207822943,Apparel,8
1682,26-35,South,118.8422205463285,Electronics,14
1683,18-25,West,495.6377780064601,Electronics,3
1684,18-25,East,76.68677016399964,Electronics,3
1685,46-55,North,76.51504505737238,Electronics,7
1686,56-65,South,420.4567111810946,Apparel,19
1687,46-55,South,399.46650868644224,Apparel,5
1688,56-65,North,161.57155506773648,Electronics,14
1689,18-25,West,161.08066422823435,Apparel,13
1690,36-45,South,262.6947860117674,Home Goods,14
1691,26-35,South,474.62114263109004,Electronics,14
1692,26-35,South,331.6489363838697,Home Goods,18
1693,26-35,West,424.6383458401025,Home Goods,11
1694,56-65,South,440.19653973969565,Home Goods,9
1695,56-65,East,110.5022266850007,Home Goods,3
1696,46-55,South,310.4638390274814,Home Goods,3
1697,18-25,South,494.1233497089669,Electronics,10
1698,36-45,North,93.04036990241259,Home Goods,6
1699,56-65,West,249.59589870124256,Electronics,7
1700,46-55,East,394.1839929928394,Apparel,13
1701,46-55,North,495.3096776877259,Apparel,6
1702,18-25,West,103.87224710654914,Home Goods,12
1703,46-55,West,231.99768550367847,Apparel,7
1704,36-45,South,388.83225281348786,Electronics,7
1705,18-25,North,317.3359727505272,Electronics,2
1706,26-35,West,445.3938799977465,Home Goods,11
1707,36-45,East,95.96601083815075,Apparel,15
1708,26-35,South,294.13065259851174,Home Goods,19
1709,36-45,South,324.13726067146376,Apparel,10
1710,26-35,South,416.4190428183856,Home Goods,9
1711,46-55,South,430.53015152060533,Apparel,3
1712,56-65,East,263.37427707888753,Electronics,19
1713,56-65,South,321.9462076210543,Home Goods,4
1714,36-45,West,53.533728206538335,Home Goods,9
1715,26-35,North,360.0630608366265,Apparel,11
1716,36-45,West,56.950733605411685,Home Goods,1
1717,46-55,South,341.1897649086637,Apparel,11
1718,56-65,North,277.65322093013714,Home Goods,10
1719,26-35,South,479.3268734765231,Home Goods,19
1720,26-35,South,123.38330615739217,Home Goods,17
1721,46-55,East,222.6995275701629,Apparel,11
1722,56-65,East,435.78389609447476,Electronics,12
1723,26-35,West,281.34291790629345,Apparel,14
1724,56-65,East,416.58095107042675,Electronics,15
1725,18-25,North,278.34145291873506,Home Goods,15
1726,36-45,North,357.08089835903564,Apparel,1
1727,46-55,North,446.6941682246977,Apparel,9
1728,26-35,South,74.66712206456293,Apparel,10
1729,18-25,South,446.3861065842271,Electronics,1
1730,26-35,South,130.5322930943226,Electronics,5
1731,18-25,South,389.88368523467204,Home Goods,14
1732,18-25,East,304.6240020962709,Home Goods,16
1733,56-65,South,199.8150817090931,Apparel,9
1734,46-55,North,481.3293737816294,Electronics,2
1735,26-35,West,428.64498584615376,Apparel,15
1736,36-45,West,178.50074723546007,Home Goods,13
1737,46-55,West,141.20741937079913,Apparel,2
1738,36-45,North,211.54573791413895,Apparel,9
1739,26-35,West,199.45211665750313,Electronics,5
1740,26-35,South,121.89073421140706,Electronics,4
1741,36-45,East,471.8334078179353,Electronics,16
1742,26-35,West,449.4312375317247,Electronics,7
1743,18-25,East,443.6802476228381,Apparel,16
1744,18-25,West,255.07009378353632,Home Goods,15
1745,26-35,East,405.3200629212699,Apparel,19
1746,56-65,East,212.16094891156618,Home Goods,6
1747,26-35,South,437.2694571348915,Electronics,8
1748,26-35,East,457.900233900517,Electronics,10
1749,36-45,East,292.2349662355505,Electronics,12
1750,18-25,West,264.28650172475966,Home Goods,18
1751,56-65,South,289.71458356910614,Apparel,2
1752,18-25,North,157.15499811973206,Apparel,14
1753,56-65,South,91.33640629622053,Electronics,14
1754,46-55,North,224.11399620972819,Electronics,8
1755,46-55,West,402.83358166151214,Apparel,16
1756,56-65,West,356.78829582577816,Home Goods,3
1757,26-35,South,428.39272555849885,Home Goods,12
1758,18-25,East,253.1607191539958,Home Goods,5
1759,36-45,West,105.92239115571282,Home Goods,19
1760,46-55,East,285.1813549140973,Apparel,1
1761,36-45,East,67.7705044031434,Electronics,11
1762,26-35,North,243.8907881319947,Home Goods,18
1763,56-65,North,140.63758742763008,Electronics,12
1764,36-45,South,429.91156258975957,Electronics,13
1765,26-35,West,108.01665764053271,Electronics,19
1766,26-35,North,263.5868402202432,Home Goods,9
1767,36-45,South,223.31195941739753,Apparel,6
1768,18-25,South,430.42329261472275,Apparel,6
1769,46-55,West,302.7311163806636,Home Goods,6
1770,46-55,West,263.7295900230173,Electronics,18
1771,26-35,North,318.2873193199638,Electronics,11
1772,46-55,West,154.46350027674188,Apparel,16
1773,26-35,West,284.62259340997434,Home Goods,1
1774,18-25,South,207.51689221316204,Electronics,16
1775,56-65,East,99.01307074731491,Electronics,14
1776,56-65,North,406.1743687910945,Apparel,11
1777,56-65,East,212.35794028747821,Home Goods,19
1778,18-25,South,175.51004473888355,Electronics,10
1779,56-65,North,50.25632783754679,Home Goods,13
1780,56-65,East,67.10201959165802,Apparel,14
1781,36-45,West,163.33001207533812,Apparel,9
1782,18-25,West,198.28863016651258,Home Goods,3
1783,56-65,South,364.6074281126442,Home Goods,4
1784,36-45,West,215.8052280498494,Apparel,7
1785,56-65,North,408.4361995613351,Apparel,15
1786,26-35,North,314.2247965431549,Apparel,18
1787,56-65,West,207.75517388775341,Apparel,10
1788,36-45,East,120.82885194063836,Apparel,18
1789,26-35,East,50.61623420326377,Electronics,10
1790,18-25,South,222.4014238245484,Electronics,8
1791,18-25,South,233.02413811735533,Electronics,15
1792,18-25,North,213.75105961283464,Home Goods,1
1793,56-65,North,411.08182012118806,Apparel,3
1794,36-45,West,92.99987628512449,Home Goods,18
1795,18-25,South,101.70600088074713,Electronics,19
1796,36-45,West,155.05848885588958,Home Goods,4
1797,18-25,East,281.1797165402094,Home Goods,5
1798,46-55,East,376.6556302662427,Apparel,16
1799,26-35,North,456.6486832708504,Apparel,9
1800,56-65,West,170.19267586260347,Electronics,2
1801,26-35,West,107.50970825729041,Apparel,6
1802,26-35,North,279.14652480045544,Home Goods,18
1803,46-55,East,184.8165846751818,Electronics,15
1804,36-45,South,493.0214174845046,Home Goods,4
1805,26-35,North,67.92913056572608,Apparel,1
1806,46-55,North,135.90276400125833,Apparel,17
1807,36-45,North,389.10143874364974,Home Goods,6
1808,46-55,North,223.86990842592948,Apparel,5
1809,36-45,North,303.00717177160226,Electronics,17
1810,46-55,North,416.95331469565383,Apparel,13
1811,26-35,East,350.0884418444518,Electronics,14
1812,26-35,East,321.5979591084677,Home Goods,13
1813,46-55,West,356.8206373587,Electronics,19
1814,26-35,South,78.9100956229604,Electronics,13
1815,46-55,East,94.00967002304338,Electronics,13
1816,46-55,West,323.39702538380345,Electronics,7
1817,56-65,East,215.5299523929809,Apparel,15
1818,18-25,West,498.07138595153384,Apparel,12
1819,26-35,South,419.2965590172791,Electronics,14
1820,46-55,West,466.91530021925524,Electronics,1
1821,18-25,North,131.2084813279679,Home Goods,16
1822,46-55,East,331.12863123647065,Apparel,17
1823,26-35,East,62.54483693248236,Apparel,9
1824,46-55,West,380.81404410801423,Apparel,2
1825,36-45,South,68.99974350076457,Home Goods,10
1826,36-45,South,353.3357937771278,Apparel,12
1827,56-65,East,145.56598040808035,Home Goods,12
1828,26-35,North,316.03594478375027,Electronics,11
1829,26-35,North,174.18860932367204,Electronics,14
1830,18-25,South,60.08126620936854,Home Goods,2
1831,46-55,West,358.49167209564956,Electronics,13
1832,26-35,West,251.89661487736814,Apparel,10
1833,26-35,South,375.9037981279644,Electronics,14
1834,18-25,North,75.32802427638421,Electronics,4
1835,36-45,West,288.5915396976814,Apparel,3
1836,26-35,West,74.41987759193043,Electronics,6
1837,18-25,East,114.73117054706428,Home Goods,11
1838,36-45,East,402.98596584617536,Apparel,12
1839,26-35,South,152.9025371356328,Electronics,12
1840,36-45,West,91.99558279205291,Apparel,3
1841,26-35,West,113.81392297743402,Apparel,7
1842,56-65,East,113.64449428149547,Home Goods,12
1843,46-55,North,429.7207509146917,Home Goods,15
1844,18-25,West,315.47414151618614,Electronics,2
1845,26-35,East,406.5570596690111,Apparel,11
1846,46-55,West,165.7485933713529,Electronics,5
1847,56-65,South,331.85337460681933,Apparel,15
1848,36-45,South,454.50841594448207,Home Goods,14
1849,56-65,South,290.27997083786767,Electronics,10
1850,46-55,East,441.8303252720425,Electronics,8
1851,18-25,North,148.12057158272626,Apparel,13
1852,46-55,East,485.1170150058535,Home Goods,4
1853,36-45,West,85.86161985395208,Home Goods,8
1854,46-55,East,392.49876187978674,Home Goods,8
1855,56-65,South,140.77347092863658,Home Goods,2
1856,46-55,West,102.59946587452683,Home Goods,19
1857,46-55,West,301.5616691794968,Apparel,17
1858,46-55,East,192.66002716965502,Apparel,10
1859,46-55,East,150.1339780826766,Home Goods,15
1860,36-45,West,247.60548037873627,Electronics,14
1861,46-55,West,494.7896448489231,Home Goods,11
1862,18-25,West,334.70490130539355,Apparel,2
1863,36-45,South,175.37133450854475,Electronics,7
1864,36-45,South,493.6559914294068,Apparel,9
1865,46-55,West,175.6250064035427,Home Goods,7
1866,56-65,North,373.8432253541898,Apparel,9
1867,46-55,East,168.49976653893086,Home Goods,18
1868,36-45,North,398.43790156693444,Home Goods,18
1869,26-35,South,339.79285597359,Apparel,16
1870,18-25,West,307.71808815999,Apparel,12
1871,56-65,East,256.5026934186718,Home Goods,15
1872,56-65,West,159.27946693068668,Home Goods,19
1873,56-65,North,324.24225731205087,Home Goods,3
1874,36-45,East,443.45639710277806,Apparel,6
1875,56-65,West,64.08743632289328,Home Goods,15
1876,56-65,East,379.7013824728746,Electronics,16
1877,26-35,South,445.96514082212144,Electronics,8
1878,26-35,East,327.59950111391714,Apparel,19
1879,26-35,West,166.29378458377042,Home Goods,7
1880,56-65,North,208.1637767488919,Apparel,18
1881,56-65,West,386.96216940738134,Electronics,3
1882,46-55,South,215.07006397896436,Electronics,9
1883,36-45,West,53.63292024226246,Electronics,1
1884,46-55,East,97.48323258900672,Apparel,7
1885,36-45,North,178.4031665530073,Apparel,6
1886,46-55,East,226.92641143522326,Apparel,4
1887,26-35,East,213.9461253823013,Apparel,7
1888,56-65,North,412.89247451400576,Home Goods,11
1889,26-35,North,149.7122312776226,Home Goods,2
1890,46-55,South,234.6409920349796,Electronics,8
1891,36-45,South,416.40210235342835,Electronics,14
1892,18-25,East,407.0467762404629,Home Goods,6
1893,18-25,West,142.35138780513944,Electronics,12
1894,56-65,South,213.83285551920147,Home Goods,5
1895,56-65,West,120.3409172942976,Apparel,10
1896,46-55,East,90.54499469106673,Home Goods,1
1897,36-45,West,299.3869338101176,Apparel,6
1898,36-45,South,193.77150905971172,Electronics,10
1899,26-35,East,281.16014743676703,Home Goods,18
1900,46-55,West,314.55945436013155,Apparel,16
1901,26-35,South,322.7865204241672,Electronics,8
1902,46-55,South,473.3443430122275,Apparel,17
1903,46-55,East,155.59214886513973,Electronics,12
1904,56-65,West,454.1383819534827,Home Goods,7
1905,56-65,North,73.0888978249012,Apparel,7
1906,36-45,South,63.67227760057282,Electronics,12
1907,36-45,East,98.94563138584945,Electronics,18
1908,56-65,East,339.6601161880378,Electronics,13
1909,18-25,East,288.63208285628247,Home Goods,10
1910,36-45,North,122.95543239818993,Home Goods,8
1911,26-35,North,116.55722633956941,Electronics,1
1912,18-25,South,288.2431887904888,Home Goods,5
1913,26-35,East,481.5526544439189,Apparel,19
1914,46-55,West,132.22850267184612,Electronics,14
1915,46-55,North,166.60827960129396,Electronics,11
1916,46-55,North,104.26248155809003,Home Goods,7
1917,36-45,North,317.5708296521859,Apparel,12
1918,36-45,North,467.04618043667017,Home Goods,10
1919,46-55,West,157.10681362871819,Electronics,7
1920,36-45,East,262.58956843160036,Apparel,6
1921,36-45,South,458.4265513526118,Apparel,12
1922,26-35,West,368.72741325861955,Apparel,6
1923,56-65,North,287.72899855902824,Home Goods,16
1924,46-55,South,337.6880456202459,Home Goods,19
1925,18-25,North,378.87780660544433,Electronics,16
1926,56-65,West,377.81530343796493,Apparel,18
1927,56-65,North,268.2396987563601,Home Goods,16
1928,26-35,South,176.66419721136822,Electronics,6
1929,46-55,South,142.77856680379205,Electronics,8
1930,18-25,East,463.376244951338,Electronics,13
1931,18-25,East,76.21101334738525,Electronics,5
1932,26-35,West,201.68291318901225,Apparel,17
1933,56-65,East,360.5225619930382,Electronics,8
1934,26-35,East,320.03106228667605,Home Goods,1
1935,18-25,South,244.9483700645714,Apparel,5
1936,56-65,South,96.90478963926705,Apparel,19
1937,56-65,West,112.78762306658383,Apparel,11
1938,26-35,North,363.4352927226363,Apparel,8
1939,46-55,West,267.6634765112121,Electronics,3
1940,36-45,South,202.7978289279967,Electronics,11
1941,56-65,North,218.65708898718876,Apparel,6
1942,56-65,East,242.90869136582722,Electronics,13
1943,36-45,North,357.37547850320743,Apparel,13
1944,18-25,East,320.42650528616605,Apparel,1
1945,36-45,North,81.71734077401541,Electronics,10
1946,26-35,West,120.86503658483313,Electronics,1
1947,56-65,East,81.75005911505576,Home Goods,4
1948,56-65,South,65.56555658942005,Electronics,4
1949,46-55,East,399.2022130752682,Home Goods,11
1950,18-25,East,432.9315084483436,Home Goods,6
1951,26-35,North,237.28002450175237,Apparel,15
1952,36-45,West,485.9783530350744,Electronics,2
1953,18-25,West,438.61896600634896,Home Goods,13
1954,18-25,South,437.17326974378585,Electronics,8
1955,26-35,North,215.23297996982157,Home Goods,11
1956,46-55,South,479.4562233969573,Home Goods,11
1957,26-35,South,387.0184305352387,Home Goods,18
1958,26-35,East,209.161593098476,Electronics,13
1959,46-55,East,449.9748022752323,Apparel,2
1960,18-25,West,51.850534984307984,Home Goods,15
1961,18-25,East,307.21596855524734,Home Goods,19
1962,36-45,North,284.0777568509866,Electronics,15
1963,46-55,North,86.80547323861785,Electronics,7
1964,18-25,South,438.060420276209,Apparel,2
1965,18-25,North,176.77002542562508,Apparel,4
1966,46-55,West,219.3575357538719,Home Goods,7
1967,56-65,West,263.8190364932341,Home Goods,17
1968,18-25,East,417.62067371257945,Home Goods,10
1969,46-55,North,317.7221138478315,Electronics,15
1970,56-65,North,303.7807415873556,Electronics,18
1971,56-65,West,213.06990916651512,Home Goods,2
1972,18-25,South,175.85810230627385,Electronics,4
1973,36-45,East,265.15410437173,Home Goods,13
1974,26-35,North,165.0800894142136,Home Goods,19
1975,36-45,North,202.78014719192694,Home Goods,1
1976,36-45,South,248.16935072607203,Apparel,6
1977,18-25,South,429.57538897713374,Apparel,6
1978,46-55,South,468.72977753594245,Home Goods,18
1979,46-55,East,423.38361630019324,Apparel,9
1980,56-65,South,286.5648717018979,Apparel,9
1981,36-45,North,370.20076398242395,Electronics,14
1982,26-35,North,200.84387414480904,Home Goods,9
1983,56-65,East,256.638615149427,Apparel,3
1984,26-35,South,473.2203453562421,Electronics,14
1985,56-65,East,209.72636599771198,Home Goods,6
1986,46-55,East,127.84355476582056,Electronics,18
1987,18-25,West,262.4423256580901,Home Goods,19
1988,26-35,East,343.66622845621464,Home Goods,2
1989,18-25,East,106.93141691382313,Apparel,7
1990,56-65,South,104.94563840267477,Home Goods,12
1991,56-65,East,186.66270092273,Apparel,10
1992,18-25,West,458.44209562925016,Apparel,13
1993,46-55,East,353.5717329468332,Electronics,3
1994,26-35,East,149.87037037104952,Electronics,9
1995,18-25,North,321.5694022798634,Home Goods,8
1996,56-65,West,347.1079252153604,Electronics,18
1997,26-35,South,285.3746059585302,Home Goods,16
1998,26-35,West,391.7221072417979,Electronics,7
1999,36-45,East,61.132544896620615,Home Goods,2
2000,26-35,North,136.00275219677908,Electronics,3
