marketing_spend,store_size,location_score,employee_count,weekly_sales
-0.38687877458161507,1.8013823058974265,0.588901866125644,0.6759835243518293,87.0694505429339
0.33737651007995234,-0.3546131010614336,1.1748333611954453,0.69161808480386,164.28770454503982
1.1999778569101731,1.3140918564400175,-0.10569569271081396,-1.8099349954786335,-18.457388265989263
-0.32339820550965276,-0.3737422483064364,0.3448176228598181,0.16997518128984743,23.83103065017004
1.5215949578928352,0.27137631840486887,1.3027373001923954,0.7384721758370206,245.82261090124902
-1.6647299665365833,2.240619808056675,-1.3736628831414943,-2.6260455876270967,-321.9035971321432
-1.5338908884919062,-0.08452752058775122,-0.6962717763657302,1.9415557683181974,-55.481936024984115
0.38387992407657956,-1.0278923789766685,-0.3512503221930927,2.1334275286448605,78.99094694298691
-0.38427662894608855,-0.07209665533010967,-0.17392612145629988,0.8146636094374774,2.7877214491062468
0.6224462542718985,0.44395304150906856,-1.1764925958543655,1.9047955311966998,12.73055766887942
-1.4508543254850552,-1.2582944997626775,1.6315749489029103,-0.2939393530992718,61.81362586434654
-0.001618051351315695,0.7181002653305095,-2.045430206686962,-2.0822446815707107,-288.9268782759096
-1.1655265843691034,0.12744651019949724,0.0660956067967225,-0.949186399356926,-95.0828128541897
1.5543147689675452,-1.249662240147436,2.092439096207254,-0.13914260092276687,270.9689337290889
-0.8617810434515178,-1.1095067860455419,-0.5773942515662271,0.19321620368951783,-99.49717322209234
0.6585778431807489,1.412362005379537,-1.322978641403285,-0.27141398164227076,-92.98930654611695
-0.6264624367970534,1.2818899155909493,1.4199458996056435,-0.7058031948551756,86.62990131208494
1.635783367567719,-0.3721080340009545,0.02652576064369383,-1.973575568623326,-5.067649562771093
0.5370430553548685,0.512698115808869,-0.6507424691158765,-1.7645461994755411,-111.21977547021491
0.7252842320894244,-0.10671977090526147,-1.4881727129282833,-1.4914740605390788,-175.72555722811458
-0.3374524383407708,0.5844570409214315,0.5980241073528858,-1.153876358387284,-5.500562205644748
2.585591951206119,1.0172389392257575,-0.9359284710992275,-1.0446942649306785,5.829982252140936
-1.9857614326979693,0.48328703367499865,0.04273083148913943,-0.9584553798685961,-137.6491007603652
0.9671982981519369,1.3164328742101559,-0.06340164209222367,0.811575498975689,96.1900030254019
0.15143659968002654,0.24171597277115436,-0.036434816547283325,-0.44686154963690927,-11.957586096990264
-1.7793534620218896,2.547864449885133,0.570585390425992,0.21810378258371974,-2.3163529263144027
0.29750066841502487,-0.44401273523192797,-0.5584658269936011,-0.07902556612092819,-44.173754115257886
-0.06467586216347654,-0.20506418740671084,-0.9762626228136697,-0.5475769647672263,-123.87148715606553
0.6608474575553782,0.7244240071805069,1.371150936854675,-1.121780241859134,124.78516360364371
-0.5448364281937265,0.3285458218329663,1.47791392744907,-0.25979465898441984,109.20005534264305
1.0220396317171878,2.811583733089268,-1.6511434837814738,-0.018812429327857698,-82.28758779573573
-0.41984481516008465,-0.25151533659478176,-1.6221897250315365,-0.6586881165035232,-211.15498148155467
0.17226464687168216,-0.9693395538192198,-1.5893349577639901,-0.16455823866802743,-160.01514410237792
0.7326156335693937,-0.25605201877680517,1.5786712531351024,-0.27482572593852084,180.02906479167254
0.3915502786122675,-0.5029911658243098,-0.31036269977656983,-0.7079257676600663,-44.916947540284625
-0.01160945303085598,0.2934260623115665,1.7534177778282252,-1.6037313636004562,100.90717671070686
1.8068497268794437,0.7248459072907535,0.6899185294158912,-0.7904825591546143,133.33842274297083
-0.06687627307324939,-0.21869002422637568,-0.06299504558363843,-0.3006590390312552,-23.191837696309317
-0.5139940290984112,-0.10515467934768544,0.35395932309083755,-0.5550998287146398,-16.608527428133943
-0.5186379110313037,0.1843575497177282,1.2016383161065636,-0.6615109981653975,63.66269697680601
-0.9721535630314891,-0.9095492630895032,0.6021281986124416,-1.2519951482914307,-55.706341590420884
-0.4625839665060113,0.1638073619508605,0.713729924700387,0.3127930521824364,64.10521415575349
-0.7178693234229891,-0.06116927923066343,-0.4187138562904256,-0.6667721577933802,-107.55624518904237
0.4292442870872962,-0.014431217511754442,-0.96786030115247,1.1755203231802138,-15.161315522541624
-1.650697689540413,-0.39515437998912795,-1.0245794178102827,-3.049096063174343,-329.7028812617449
1.1029375055542752,0.2191823908677905,0.5036703606137807,-1.1854244799450764,55.74558747892036
-0.22491369871549874,0.21572171089788558,-1.5159978501465223,0.9542833235340247,-111.27253347964546
1.753795005643605,0.8531199518426426,-0.3106812421415213,0.5230043127684488,95.21701070069122
-0.8330028173828012,0.15673021332482667,2.1858778633788205,0.8736395580557809,214.94088540351282
0.7881023522045202,-0.03551637078657908,-0.8002997119770676,0.30251939730636457,-20.714094179063295
-0.5204801450680836,-1.2931074324807883,0.9989555781577878,0.047951215263434044,63.93899568037282
0.14356424071229468,0.3749560410535487,1.8839432865326369,-0.1991926966205355,188.18190112110022
1.2905099882554523,-1.3220055918609859,0.6268323131452982,1.0910342386709513,170.68106319855224
-1.1946021990916293,-0.34756996292731773,-1.0285909384382095,-0.18781130815032493,-172.14703374902322
1.356832010930637,0.7463400246562097,1.3112572814416195,-0.351510454897283,191.56816264438552
-0.17597463798283614,-0.8472495856326084,-0.5388574445146206,2.0353476937428745,28.470085532861724
-0.2798172331015977,0.4323134517617668,0.7872588949868751,-0.5138147561972174,44.551269982678264
-0.7173597057779206,-1.0825952305682074,-1.5088622226865283,1.8849317373040244,-103.95081458295105
1.6148881603395917,-0.7718378330982082,1.0511052938368621,-0.23342785513715927,171.75959353802637
1.896590131318451,-1.355386265739169,0.13388870774208936,0.8725773825273485,143.40845032867955
0.268652662883793,1.4115777994040815,0.33314359461266485,-0.5022355323923907,37.62191495224816
1.0140173253646816,-0.08151972716773583,0.20819412648809535,2.4628403677310793,190.15630674410204
1.9633228982566417,0.15792590591986777,1.5417739909908588,-0.6174471998406056,228.29525058262027
1.0104840583822825,-1.4724494935393546,0.23141749191853359,-1.3040702237684731,4.080636515860553
-1.0892837795051893,-0.655651059139092,-0.8026478834329905,-0.8953141526796663,-180.259560142022
0.42555137416946387,1.1906050459189796,-0.6255667426585142,0.523327829352757,-1.7435401640077168
0.04774850142962042,-0.5821521085284398,-0.8034848359495773,1.116083821878425,-26.766687759950464
-2.604303465815216,0.7260653426554764,-0.5651062971171844,0.5302254173390301,-157.3419384672481
-2.058522023208006,0.002034213030993842,0.21543752568434812,-0.2611359879118312,-95.9660523195466
1.2576606711946474,0.6365831361096355,0.10573355530286196,-0.21401279696142825,73.90688788947217
1.5339904443220478,0.6153656880283803,-0.4722995014232687,0.3825877436562235,59.51237882080107
0.6659216553961432,0.15820752212416359,-0.8453918551711104,0.4802534684152249,-21.932474885532066
0.04251335773861576,0.7863820715801007,-0.05612069679701715,-1.218183605162131,-50.891116820135395
0.8303049836812878,-0.13799478547915828,0.5103984007708935,-0.8543834257156132,54.43735028014086
0.0514556282246269,-0.25870349941488824,-0.4744645229104735,-0.8339404462965885,-82.36828218169957
-1.4331311481513167,0.28616282632678414,-0.8947829310533321,-1.0830547028542883,-207.94983153274967
-1.4283222884789666,0.20489016994977968,-1.4318505217644473,-0.5207005649500894,-234.70299321846568
0.29710129169624255,-1.4820969741323422,-0.5744713850900907,1.4512975046458736,16.760941586971196
-0.6030817895439532,-0.40477836371062376,1.008926010178159,-0.9248526135784927,23.047803390966525
1.4618036902354357,-0.7728301309179054,-1.405722439235455,1.0020621139365975,-18.576516163124822
-1.1229853540190928,-0.6348581061294801,-0.5469985512363814,0.8389926280214114,-75.78483250384893
0.16245430139184092,0.8400029548712084,0.26931582335613097,-0.5260798140637418,19.966048607638868
-0.1767246877279082,-1.231528295699728,-0.49711495882103995,-0.6032161205096677,-94.08269914927224
-2.2213015864138588,-0.20699856093883376,-0.5931841043473342,-0.6798257337767935,-204.70199022020637
0.7115704314337017,0.021364972394173426,-1.3441112265970527,0.1665652713855013,-84.07590355871595
-0.881165474528636,-0.7994852751492799,1.7335320900556512,-0.3312853782295746,103.62029555981462
0.2342786040195661,-0.47155337101806616,-0.45922802443038313,0.8840319604930559,7.032754212041719
0.26928157939555625,-1.7903242535876343,-0.34942738581012817,0.5630922090602261,-6.771236128447922
0.5703500986318767,-0.4163211609967163,1.07066849008011,1.2548407664391017,191.82621352521346
0.16045470446814145,0.0611731768037444,0.3619074988874847,0.32896565333697714,62.42042006607475
-0.6972052104783197,0.2331919740204315,-0.539046263278013,0.4809927854239024,-62.31781009640748
-0.37696751090720937,1.7929545498906803,-0.21401822949726065,0.34943995364249936,-6.196093222576699
-0.10517092331034504,-1.1505701478767572,1.0415631261910305,0.614034126362414,117.65351205084646
-0.3585588668160506,0.491719172574122,-1.0893445380095046,0.9837676403340547,-72.47445045537847
-1.6877664678246747,-1.03583507715391,-0.247740873521562,0.6050151964133776,-90.47018273279404
0.45886859863133433,-0.5949625163839628,-0.8852267761713292,0.9547068172268576,-20.79298179430952
-0.5110187593637393,0.9963006438793526,-1.5027411260011692,2.1709070373195773,-61.0610096081806
1.4796387398871824,0.86757720186028,-0.8945165201871803,-0.01557504913279335,-1.176220531502878
1.121995149879207,0.4147160967237352,-0.35075647316876457,0.7061551670286014,63.227978960009516
0.9905011174192019,1.1526055052329407,0.21960552324165217,2.215434980845712,189.09565899426332
0.5831524499651181,-0.4121515654255335,1.0622723259641924,0.6880106954292752,165.34296473493424
0.3262597550745576,1.2184568560309876,-0.5241591511698677,-0.49887719049651424,-44.58598478658593
1.0330116727481335,0.551632502254641,0.502329673270596,-0.6774274617299744,78.59560320239191
1.8342348134489823,0.12415266881037107,0.3480716230702951,-0.819728253702287,94.73714244627983
0.38931949823916645,0.300514606203191,0.3277858998789154,-0.0983585377845099,52.7578257346744
0.5055578383890104,-0.8761437180678762,1.5228933235054882,0.0485183686485967,172.61078468356453
-0.6726770824241332,0.8896821953183289,0.06750938037009518,1.4206756066587494,48.07811571489496
-0.27240669596476647,0.581029230402346,-1.0028398637881966,0.7537231026051727,-69.50657374228922
1.6697400531891338,-1.0803390570788998,0.9532510278969785,-1.1254563300107643,120.7663882643369
-0.5574555826074125,-0.8944654019348669,1.984259509874556,0.5524563787178284,185.42102136802666
-0.15487246370598362,-0.5300135414350089,-0.9759116064713005,1.6218627926470661,-29.84337836167697
1.3136299825540894,0.2796028033614217,-0.5134507478288421,-0.1774884735543733,14.96170981463851
-0.7949237699884094,-1.2347198226249876,0.04210404361498199,-0.7057040775803278,-78.41428799087312
0.8409367492696986,0.005144464053505442,-2.1322469404333466,-0.9261912635349927,-205.45360845350532
-0.8871306074398415,1.0602603469610592,-0.4679745945974405,-2.266849526959095,-186.39012546956207
1.082495442918929,0.2831993671904532,3.070029026666801,0.5666514969195996,388.04740011530083
-0.7374954147965229,0.4402069320550934,-0.69549523138064,0.4168814505918122,-80.7519452145866
1.0772759463293964,0.5164147498920398,-1.1660600467397984,-0.008467621798498842,-51.40802051173692
0.8820772655236471,0.37587642288511586,-1.2456874817346149,1.8006680531211354,14.035415651177804
-0.31406133740460296,-0.9335904660964452,-2.5080568117473043,2.121009094331956,-168.29056754155917
-0.39456486743683905,0.6607588616834825,0.1836732714025743,0.413304205680736,24.91226911805141
-0.914495899944764,0.14901225387181224,-1.8253669913200092,0.2813635763308836,-209.43627836409962
-0.07501268977034546,0.8253681789636094,-0.37677596997955654,-0.6021992262792567,-59.1865261003183
1.0618308853352352,-0.22446709474645718,-0.20826550597040014,0.5360739083573594,60.48773115363279
-0.0914989727779138,1.6603847982860858,1.2481916682646896,-0.08617933422396683,129.99456501485847
-0.402307813168225,0.6804278859390259,-0.23078422097558277,-1.3002943111751233,-95.92384972400784
2.2752555142513793,-0.9958016023594252,1.1238506681867177,-0.08773667356425421,218.3351960604119
-0.7347800951719708,1.1592284768497136,-1.355863297362901,0.40985139361409684,-139.39618198973557
0.9779659019607468,0.9470863388847913,1.6644548742464296,0.23396009072511423,235.27510571932163
0.6870378614079481,-1.3900567005147468,0.31034446806437355,-0.8476007243849227,16.917867121476792
0.5099176574484086,-0.4491237882299004,0.12982925153569969,0.09819073149981808,42.311987828263554
-0.2316350108249983,-0.8124791620798383,0.5820837999543012,-2.5972308201333636,-81.02296896367652
0.7806080653584493,-0.2982482434277359,0.313912687256662,-0.2614364224389078,58.97242359180785
0.4605931335362893,-1.441577694242964,-0.5135456125187582,-0.1874171555789316,-45.05544897942942
0.6012016962342659,0.36450943354871607,0.8984420652323939,0.6929351496766902,157.28576161463445
-0.5493967752843293,1.4124844262436302,1.5790285921756997,-0.49419568424787264,117.30163375639154
0.6389672641315128,0.35232111448986264,1.2908151978197833,0.7501452260193405,200.02135506244485
-0.753222885673688,2.0097990366728133,0.028887926548901696,0.6108653848020976,11.947385665967733
-0.9571703160523198,-0.18129523463165012,-0.01894379031804634,1.2101959144107777,5.685196062398039
0.03900625414574371,-1.0172117841218218,0.21432822841822113,-0.9886309865368169,-29.406733442571277
0.4748375875517828,-1.3408054429842222,-1.8178208300451009,-0.8476042823474776,-201.63680746603555
0.21996644595896325,-1.2204192069552975,0.3950326977634012,-0.34406364038596643,25.76266925745603
-1.3062315381699336,-1.0732221793577137,-0.7048334507868106,0.02245562068875993,-142.91756917517512
-1.3372626148946591,0.014454105897371646,-1.4197431693388307,0.4083743155696118,-187.1115190865713
1.3170431122172066,-0.9363399148315023,0.8729965540779817,0.7539306269652217,183.72802825389036
0.06288005643164837,-0.9737947166374022,-0.11381951309002399,-1.7494773947086295,-95.44989393206085
-0.7716790562439669,-0.21880544528233822,-0.19650924247118004,-0.5678145284567797,-85.36720703092806
0.3955447738762712,0.8786477963366967,0.5428601397919273,-0.459650846897413,62.06088579373635
-0.3904024795955544,1.368942815708423,2.2943685166603514,-0.5687059268184933,191.59777905599816
1.316849306584872,0.688473276024899,-0.9029872396315258,0.8830713026123489,29.933230250695875
0.18344198380677815,0.22485348189255008,-0.1073755301050374,0.06344843254855546,6.519695097318045
-0.3087663999476476,-0.08643809571218956,-0.7415771454468019,0.07636948373056164,-83.32740350826064
1.2239283154639917,-0.07536468717452814,-1.7549979897651964,1.1369983448375103,-52.97092398497968
0.22875787937672912,-0.27178259038727903,0.2953033148162584,1.4135239858205917,106.97162679004128
0.7249427698756614,0.11742338615547362,-1.7996956802080526,-2.0569333163478807,-230.84565981682977
2.098626251287783,-0.5917949064499836,-0.016010189826526366,0.5108912635769068,128.9735619905951
0.576559359997666,-0.5784280340379256,0.7513620172301975,-0.8922419160911111,59.26680732449729
0.45634032209847053,-1.1408988436235663,-0.5134042593868191,0.7172737925575552,-0.31504684519386744
-1.907304813458872,-0.6698309696501124,-0.4355015199173392,0.8407603081304139,-105.85105707028143
-0.8417367382386,0.18634495169721382,0.00940823993334078,-1.997264449801333,-132.19299965957836
-1.1087482278454959,0.00921904091064707,-1.0730116592373136,-0.7331376643905732,-194.3778373919983
-1.9074126777600608,0.3344813423565524,0.3175954592618267,-0.663095131421331,-94.0354177231257
-0.09050535446573806,-1.3815741615126802,0.3293942260496596,-0.5526132747849308,-7.7113752782389735
-0.05896794144676104,-0.3900012924191608,0.3832201845983045,0.6133747639434696,62.186025592125226
1.5880510495721583,-0.5719094059888465,0.5740395763895267,1.7095843380901088,216.3660907522953
-0.4981316832134329,-0.7904495347628369,-1.6716132004770985,1.9646554705220296,-102.04868899662215
0.5390144321819835,0.6090840831289721,-0.5598044295088199,1.8341235719717612,66.67029376997492
-0.17135852165537568,0.5912935786359331,-1.053494902021407,-0.4989318006894012,-127.68271594478564
-0.5965832696472367,-0.2804913854968444,0.35876105147497106,1.237713607738179,61.81747575259016
-0.9481934953414265,-0.7745112489038196,-0.22091453339685774,0.002255551595759837,-75.19048363111347
-0.5885711939041852,-1.9163045734369328,-1.7071499752045747,0.21935876034348642,-201.53605596539663
-1.5840937755083853,0.5532890509634174,1.9736978349909953,0.07812709638814196,121.37818993156795
-0.6317198290632654,-0.5069714513175804,2.1535632087837433,0.6718674087583891,207.07086634287535
0.4424859485646383,-1.7525243672286435,0.4405702861090045,1.7452270090345938,134.93396470525997
-0.5314277568890879,-0.04715994587811227,-0.9855552815324001,1.3144300668480782,-60.47791284726538
1.1543556184866397,-1.484858350055718,-0.7270648302975921,-1.1708001327840964,-76.09795447746588
-0.7793271497739104,-1.1579979083581657,0.3091678938649521,1.6636350137133045,59.81240870856932
1.3972226649787336,-0.7287572770030089,1.1883679257988804,-0.9462914520179178,141.05581248609093
-0.6422979747623765,0.20355631521487785,-1.2449722778674084,-0.010106965549320189,-151.6731425205904
1.7062539829487187,1.4793454166540976,-0.935448776073073,0.45259528486771483,33.86116652973881
-0.7151934051874584,-1.9226255633092446,-0.0055516214250078185,-0.005434182598735662,-52.30421084849129
-1.0315084120613671,-0.42803358923096546,-2.018621082768352,1.2150145172176956,-195.90678877255272
2.318805932559531,-0.23150814718788282,1.0752417209630594,0.6774755815409279,258.3217379464508
0.1467161713311298,1.906735386259201,-0.5147561360067905,-0.7677147841744336,-59.58639646659743
-0.49263321851044667,0.5119069688656499,-0.45264027805776247,-0.5190772936895539,-87.59803259919416
-1.2449382726866531,1.2918120490044733,1.9179354744728985,2.173621491771648,237.88674043199626
0.546242241387934,0.5524301463162153,-0.12059009895582588,1.0494725576151724,72.84179818834438
-0.2629742930154586,0.23356918834560256,0.013294565632431688,0.2755720907264342,5.097116724256798
-0.18019523137044208,0.06402372446179767,-0.18803544999433242,0.5449038415488456,0.8540865232399704
-0.06815424978896309,-0.47827086783968076,1.0809129053670077,1.7160475287536894,180.6512961137735
-0.0782330187088568,-0.9709319099221354,0.3500922692956521,-1.0321201930711996,-23.87557958537002
-1.5876883665700003,-0.059971687362719676,-0.5203001190075754,-1.1855514135894005,-187.24018820579997
0.36336992277665564,1.3400158671033149,-0.6138867808149536,1.5007897279778732,43.09982943617836
-0.45874272471600636,1.4796517558201183,1.0009883298565065,1.231564221811404,146.84496258927774
-0.25590906398937513,0.9712537095451618,0.3424917030327692,-1.0421051856168724,-17.741435220252555
0.38124997402667354,0.2817860044383879,0.6384743315261305,-1.264454512748448,28.0664246770679
-1.626157514823025,0.7922048038870404,-0.42613451921710277,-0.1682481571437231,-125.06920707612187
-0.2948336637390825,1.4916330789607444,-1.4078570304662499,-2.3275893450199496,-246.331178691784
-0.09366513039774427,-2.5984003746742874,-0.3510989608895291,-0.3454346067966809,-75.40954579387042
-0.5242699167490651,-0.5712495100944717,1.0044828132528882,0.6581424581432933,99.09210068718689
1.4982710102904593,-0.6624111691389946,0.36760242229167267,0.3435741959139441,126.70433707367413
1.0756531108603682,-1.3620016005444824,-1.5057137818812014,-1.1002228071480653,-151.88452969722758
0.5867950650903566,-0.26928315053773255,-0.06581152116157488,-0.786518522408065,-12.769009844186742
-0.23517801515755493,0.14399686156975908,-0.949188260679958,-0.38733523086833715,-119.44472461642434
-1.2793984843671806,-1.0282233121849997,-0.7981548028984178,1.6087369324778886,-75.94832143685456
-1.3176899107414661,-0.37251127955605967,-0.7575197863852545,-0.5374786362168659,-168.75435904875042
1.2098399045724377,0.8603071256073904,-0.28510580760965,-0.7774573074519725,8.823699806270886
-0.38562416883028666,-0.6298290583920169,0.49669514517817276,-0.5336990043997495,0.8155825964797272
1.2407638632376776,0.3961093611125667,0.2292675094010306,0.16041693906138113,100.4519133820554
-0.11541017959901362,-1.2391727210326189,-2.0558769575939895,-1.932423899746606,-305.64509010871745
0.31433140857252884,0.26909437569727046,0.2573142206393721,0.5099634163308528,70.2338728936543
0.1474380652058807,-0.2040103657861066,-2.156791672864245,-1.064700998912884,-252.22374991683085
-0.3639892982641586,-2.0514281405252803,1.1608606480256178,0.7099435021488443,112.47482679788506
-0.21360822197659377,-1.261587426509941,0.9271160855812436,0.3067238354192813,85.59442633705834
-1.3303121008740129,0.24970723177709178,1.361328123873247,0.030420998110988282,69.78930323525817
0.3292900848470605,0.259344800560264,-0.6008341862750868,0.9575225649832693,7.934368747765538
0.6961804105777369,0.8580062666612516,-1.1962509295435209,-2.0766564041891127,-167.9476105492016
0.3622451854455372,0.5574076129716393,1.6688603855219153,-0.6343407281267129,159.5321467129315
-1.0019856086721775,-0.7940977795831282,0.20296944808874273,-0.5920299520705533,-64.22690156192216
1.3254911057414835,0.5217251660056428,0.23088278693345704,-0.05216917085415237,96.27498810913964
1.7549370942781097,-0.171842526446302,0.5082077555102451,-1.4494440098686094,74.56512261584048
-0.7032581079904632,-0.769490907145947,0.46563271037973036,0.0014326163127814776,4.7467430795426395
-0.008718114424064576,-0.8116195443399763,1.0782540264741156,-0.3629483079662287,83.49817128944146
-0.7065729802234931,-1.4392277203760877,0.13560398515070451,-0.07346807315667926,-36.97208283266098
0.8269648406438543,-1.3886463098967252,-0.6150349062526014,-1.0403177273951951,-75.30182438272587
-0.39752890926011625,-0.1329258237433258,-0.07966386254770533,-0.484733072421727,-49.785859046193195
-1.0728107691948403,1.4064740361104575,0.5731645780430571,0.49366699486468407,37.867424907665715
-1.0473483592096888,1.762316127704063,-1.6651250104540016,1.474204907202041,-130.92415427229494
0.5416198349184668,-0.3775616977337671,0.8936586630407185,-1.607263963349403,39.805691669544636
-0.9637397022670601,0.6375894303360519,0.3727762331090933,-1.3857609134312165,-70.62366761944048
-1.1527084362875142,0.7175858316885269,-0.40567867197351704,-1.6065373460730543,-166.30644565180182
0.5999569584080438,-0.66881885403633,2.140273140436383,0.01551520817694036,237.8783122663487
0.19288420415272492,0.13065782613567578,-0.5750716365844537,0.6015880881008235,-14.585522085939074
0.09547500851173779,-2.528306911511701,0.6864993333062763,0.4207347784714811,72.61857859906806
-0.3970479156354984,-0.19694188830567946,0.23226885141096484,-0.05623207452347371,0.2812797482421039
-1.3166586807412215,0.04794396952198467,-1.2746033009464182,0.8226242348614643,-152.16237262248416
-0.2768262879142962,0.5222691083406378,0.24093708216815837,0.772786946937088,52.205436762862824
-0.8527730806522359,-2.314635887016086,0.8614690633429286,-1.2770127896674675,-37.4306068904337
-0.6288441400227226,-2.1278447961254328,-0.09033573722237939,0.8471200658264751,-17.9775637401906
0.35592648256407505,0.7277378069829169,0.06796248027879558,0.8893991041602541,75.50843470473863
-0.34393696226106113,0.17054670776036646,-0.6060198114653379,0.060236086220812314,-70.40233715085851
-1.3928309326756705,-0.7263528635532972,0.9816746111481588,-0.6694231386505994,-11.787654280043823
-0.8563757411923805,-0.7073214672135543,-0.9029055099672234,-0.8452960932352965,-175.98225611325907
0.5567392024943638,-1.2682660155212397,0.7355368465008003,1.2062139871778954,148.9819834052624
0.4046131276678806,-1.8865135064076795,-0.3620464497077938,0.7079737193128572,4.861039787268618
-1.590312591216225,1.3517927986811338,0.92143731590503,0.15493512201187334,28.48323369594064
-2.4048540693856517,1.1918327499832475,-0.5854567850904303,0.36175607254018943,-152.73841473714697
0.3024169614770936,-0.40788898604487295,0.2924907485854897,-0.6678304517144857,11.852877962516452
-0.4125034180747429,-1.7677547183469124,0.3304975438633132,0.32487267786652335,13.12937550965782
-0.11307354233159086,-0.17310187630670557,1.193313246163688,0.0441887483350215,113.96075907007044
1.4422597032418567,-0.5246060964112133,-1.0448303408028368,1.9965326323491583,64.1342492954034
1.1858218810028878,0.3602319143856392,-0.04461684711662203,0.35444096453210744,79.56475001917474
-1.7869807926171697,-1.131570644081867,0.14831498825501466,-0.5391876223744082,-111.24693664293176
-0.21191365190009892,3.0503821306782823,0.6115704250422883,2.0396180169115317,172.88575579475176
1.550479229061385,1.5855987693340687,-0.27459932368665724,-1.0331026127682583,21.77553019389278
-0.11009142832053742,0.0268123287792798,0.7367896899833986,0.7234573616452658,102.7035322477251
0.7867337824469155,1.5224919145932385,-2.597018675283246,-0.0689717632938829,-200.7449701391645
0.6553876354978636,1.3413632606941022,-1.2768923412047724,1.78419542941762,6.721615346774305
0.3327253687069265,0.4655562028622058,0.15779482247440382,0.8713011530512301,80.08207999265889
1.016499745198104,-1.28693402653641,-1.0668565585469805,0.25009929026523786,-48.40446977853235
-1.4276776879942608,-0.34295442092488365,1.3262968402249435,1.6442743907368063,131.46833140080744
-1.190176588258202,-1.5241291399214467,1.4769596264303597,0.27505748698070887,84.5278319521295
-0.874953963921361,-1.2350737649158117,-0.19965553693529556,-0.17549656872696354,-81.53346657862205
0.4303186671378307,-0.49864771988984913,0.303141554043047,-0.49164388259305547,27.22251325704282
-1.3184006030715711,1.135722862937548,0.18822789532267217,0.6562518554770554,-7.460506709706457
1.066326869388248,0.3700965905298574,-0.02921670994922858,-0.5973851607690918,30.38691038537238
0.7425242433319434,-1.63667921375036,1.2075210959026084,-0.22577507307403782,134.60886729884515
-0.4309504253583413,0.993824376446218,-0.32471077262961223,-0.6997589951108255,-75.9880109781051
-0.1909762730650138,0.5057083639405197,-2.175748813580474,-0.09829565620450822,-220.6283258376391
-0.46454323852591634,0.39026345687008324,-0.8743648082336511,-0.15732430176068077,-111.23571870472851
-1.4565383773025982,0.10472056256666458,1.4414961010328646,-0.488530514247218,45.48224754372717
0.8418375746260699,-1.1698819847940072,1.5032768558786915,-0.03552536444647196,181.68798135680262
0.18723831711338165,-0.7530304634382322,-1.3992152242511315,0.5763534676466576,-104.09510329759466
-1.6741271814256056,-0.44662771791068273,-0.9982864830509243,-0.19579048879736982,-195.4827701705233
-1.2200817295995419,-1.0481447718549606,-0.5423718835896241,-0.142878325684535,-129.96950927355624
-0.350144472280638,-0.9365820204196595,1.6146337351312265,-0.43841168460248825,113.63941528561763
0.2569773933235213,1.2334900877288004,0.7366425355291342,0.2422536756303079,109.86973037369313
-0.12598527902173093,1.6528217049255742,0.21805758531029656,-2.1927258345112763,-71.02919718743468
0.47468301553010966,0.24102140203823352,1.5282080576174206,0.027390695972544368,180.06231774917114
-0.9094592767848627,-0.5689072551478064,0.32281470669952284,0.4502068377900338,2.752733863187553
0.7227523355794483,-0.24303279704153652,0.6189728179603191,-0.14837706554155258,91.56900541625029
0.818601376362938,0.31393730386730284,1.5537576830014133,-0.3796425438943934,181.89746990288188
-0.9010387719285713,-0.5521463394087829,1.2222657174409675,0.48743875210019294,93.14520696783617
-0.8742822189362247,0.22087889551843898,-0.44860596498941385,0.1569820683006393,-77.75921958037536
-1.100353410051765,1.4101281969724726,0.8827533080305608,0.3116211790983515,58.2131793117487
-1.1347223210043242,-0.0741889583392096,2.6144797440561423,-0.3428356420155443,182.293883180958
1.633850972735529,0.7456241413825007,0.46344562060505495,0.4243944271225346,159.20722642284548
2.1870845604286386,0.11678579902611047,1.7311239325612486,-1.2710211974468024,227.40591687644132
0.9393901796987686,-0.3302828226258159,0.33763722179663125,-0.9028523781272537,39.35224884528942
0.5546478587011757,-1.9546755347336073,-0.1427345526799265,2.182197009593982,102.51077873447844
-0.22230933192852842,1.4363583868011307,-1.127153144577752,0.059975867176730376,-104.13255369778088
-0.09168478001710675,0.483920122037643,0.5770969027295192,-1.6209999472423802,-17.453974721749532
-0.6357616981793449,0.4150516356195856,1.1982099500406072,-1.273053562327464,30.5203590765553
0.5388231974594464,0.3328021382532328,-1.2777663198297855,-0.7890773755980223,-128.3751174830561
-0.5925556529595208,2.141263361633081,-0.9768379495276522,0.5773425230605814,-78.39419651418028
-1.9451918951373082,0.3400356635929774,0.39982456514105963,0.46857530689714105,-34.93446050820162
1.5987024194909412,2.5261378832008012,-0.7910116630240647,-0.12341850576359462,24.552843456867066
-2.042697262604185,-0.06312969549544528,-0.4073843086191398,0.7771396027198731,-108.30386678248392
0.18614421624086708,1.8679489238342566,-0.1814163139359702,-0.6792274289740184,-21.33857480385341
-0.7183548024082913,0.815494731348556,0.3632465746235781,-0.643517567537141,-22.70519942757761
0.1814812437119648,-1.1260623357461195,0.2654372545672912,-0.8735648814137382,-12.654215032336436
-1.5232157899678984,-0.12930556623899203,2.6378994992953837,-0.514755341226186,155.76573261972584
-1.5830497175540843,-0.27406362379512683,-0.28198478932950155,0.30355419490258806,-95.84920564603681
-0.398128338892771,1.1349864043062263,0.5487973080464436,-0.058309968565414844,42.32872558972909
-1.0331422505597152,0.8692162200363922,-2.3416291014699846,0.42134137197371824,-253.28527493670697
0.08076474129585258,-0.43509167559478135,0.04204829706175888,-1.4325794479620606,-59.97432708239195
-0.11984511752003596,0.8133388416833326,-0.5241522883489261,-2.286909608761438,-154.86679239139235
0.6307660584530739,-0.5339712273570429,1.52992526137836,-1.080737062700229,129.73209496994846
-0.4159175341003005,0.16799621516130034,-0.010395639692426024,0.649006449979618,11.638142912270053
2.5118853481580294,1.2238305989207285,-0.540590649617161,-1.6153418837964528,15.399926942321995
0.4679847031378953,0.21113812467003532,0.978003140727477,-0.9943327820349807,77.71315967241563
0.7172134418370477,-1.1800793057721202,1.1446994518218023,-0.06781520677733689,138.13766603442377
-1.2596108841247573,0.7097779226996023,0.48778607601383234,0.04705170331368298,-7.1992377018907
0.4263396572015111,1.044072549224652,0.8375105255688692,0.5492486836992655,141.28712111263505
1.0287481370900893,0.8550730982460378,0.09003746757536453,0.24539885726785804,83.6592447625044
0.6111810098760572,0.2577923740794315,0.5264441392918687,-0.08876336400033413,83.96191531274025
0.7002676721067003,1.564713428760518,0.49646372095820246,-0.28991519273729405,87.59765367243405
2.0490633657602895,0.5639122230477479,-0.8054771728404255,0.06889090594621,38.73745809483488
-0.1511666170788504,0.11888259242720658,0.7969898505986162,-2.126876650966485,-25.72781833485512
0.6470929280467629,0.4538837776002214,-1.087974493546792,-0.5831602644725516,-93.51973790399428
1.4405514755494195,0.8471719605230157,0.0002809826205634227,1.7193834432243569,165.158140911872
0.8484777818381528,-0.76335453697003,-2.402597196689064,-0.05396430153970768,-197.2873315953068
1.1914315420760133,-0.41365171246028487,0.1859139473278039,-1.1938196017652078,23.435853501676796
-1.3553554062295186,-0.9819995200925015,0.11300102574254178,0.5391407593134688,-40.584551689624824
-1.8114895426012094,0.07202240909290356,-1.249281905325122,-0.9207889045351282,-256.45393410509416
1.2799472334778168,0.7067827359836114,-1.8905661890704373,-0.1764735050760296,-117.86278588541609
1.8158848662632432,-1.0640315971455456,1.4973433005490804,-1.9329816620463456,143.95480270661733
0.6517547601765591,1.3286849957325497,-0.9513670154078653,0.6380822002991744,-15.19187404083334
0.33190993037509675,-0.8409140507489049,0.1567452480936075,0.4298671014210782,47.87130285653491
-0.34141011690611284,2.9271250247997194,0.3736547571304455,0.1500746776074304,53.42017070134548
0.12854595919449616,-1.6068168552792113,-1.2023278304677145,-1.4730245834913145,-191.0966438052272
-0.6757232062815096,0.05143812795899783,-0.2154005264284275,-0.1680243453459997,-61.1808432427581
0.6745597279394403,1.2896501161150673,0.20364161719773483,0.6353283206318682,98.36515561896523
-0.8296923995923546,-1.1527210662083174,-0.10268147060243084,0.6900072582825696,-28.726660605947995
-2.1467834282356324,0.3541311196950781,0.14868382617391754,-0.4314196997154832,-112.0112030094278
0.2804801034245075,-0.7444352239454816,0.37948914071942863,-0.40548905607272706,28.936946427659795
1.483360627669491,-0.16125795156251865,0.6523088990161711,0.48377861010590123,164.65376992047229
-1.1940265121559166,-0.3966164129471468,0.026924210929849625,1.0983029299721327,-9.25457949051244
0.12685581076451868,0.9603625105348562,-1.3743087426403084,0.11340992003838547,-111.73767824180126
-0.5690833640971447,0.4706607095897819,-1.782867957264797,0.6304793703028477,-168.11750537710213
-0.43169457775812453,1.4478111024576872,2.2670722401600742,0.4929905132342584,237.19586182806952
-1.7584395941587005,-2.8410450410026336,1.1506094059328789,0.7691989767972095,34.78833990333271
0.6844454152557303,0.5060661361367912,1.1873431704781126,-1.118427913959669,106.39421511413836
0.12148394803097876,-0.4292270745734975,-0.5129747841851364,-0.7528639680664236,-80.2814561998922
0.29238426869003387,-0.04847255480574653,-0.8904846672657025,0.387265753190998,-51.79442887479563
0.46361796741152417,1.9117664582659883,-1.2145267572213572,1.1109555269565825,-23.673939599139818
0.15837059374014248,1.8653660456851393,-1.265150644777901,-1.1432779400908364,-150.25233323701013
0.4464710387403084,-0.2633297005714941,-0.05321249684388849,-0.29768801636893316,4.3542320499275675
1.6708281313004523,-0.8993976423014672,-0.163778256772642,-0.49189115361267427,42.78874134010047
-0.8914571080665887,0.12889560003755463,0.8287355321509251,-0.3721246011103634,20.699519701837644
-0.9279984610805001,-1.422359050741767,-0.10240027171886674,0.14400204957260054,-61.500896692244226
-0.1355473943356573,2.257402528453368,-0.17223414775220014,3.3343839518682348,153.96479501971135
0.7729779449355291,1.0492154230511652,-0.5247840273012243,-1.002725201455302,-46.28839576301189
-0.18791727044800116,1.5831173639217628,2.214694589586142,1.944613470742532,313.80503196346433
-1.076546697765123,-1.0527559099775967,0.617587740975678,1.1184528322537348,50.098939344636044
-0.1633101944499652,-0.6007516482673588,-2.417093318666534,0.24364688347759897,-236.27650784064215
0.0893678861853914,0.40686577763663684,0.046002331287694424,1.761318237824143,97.52849018592654
-0.696208490851204,0.884264331706095,1.0032471629671145,-1.27072208642449,12.562030644023862
0.3745464711897631,0.9123174257033942,-0.760385419982552,1.1349872837357093,8.323048247745959
1.3922859344903842,-0.15753282018927942,0.34021936859228014,-0.07258512702964201,103.66835098687567
-1.8203065659120758,-0.24678589578564614,-1.1554195490113617,-1.4505385733318563,-275.3298907769988
1.4926385565582114,1.5212754587242612,-0.8056840030392317,-0.39653669847460393,-3.96062187616875
-1.125087282150213,1.2515752711934147,-0.3867848642677012,2.059969757138582,13.113670378963663
0.016786062796156163,-0.6171810758275192,0.013424086982717548,-1.6867231368203024,-79.51414439033304
1.4715619261574482,0.8867321901629558,-0.11863287859248348,-0.2280837164904137,64.6594812011529
0.11724587555297453,1.02166510577044,0.3737921661881324,0.6311115519268881,83.34617103359606
-0.2322593415161796,1.1885807996509423,-0.09138964084584641,0.7633673220646598,27.426535566385848
-0.24197957383927635,-1.6041749802291032,-0.3169957481833103,-0.9914379174490348,-101.47946618301022
0.7827466943876714,-1.084347756639993,-1.5369393649021381,0.6641396033389241,-85.36928375533724
-0.3278065121030042,-0.2954597534445098,-0.23382585345372237,1.5904151148135344,34.30381256236779
0.6778568292490967,1.7844874157986648,-0.3992069219315429,0.8950558335377955,55.98823187589667
0.9495096720158913,0.3989393933820247,-0.17789778430640768,-1.1344980301941583,-14.946449348196692
-0.23667392849528068,0.08278923076316988,-0.024836406318866248,-1.2189173274566691,-68.44152028538608
0.15355573708084802,1.267887955107158,-1.5903661261389332,0.20430605204191626,-124.63058897705724
0.09849875215025673,-1.1373762011361013,2.4404086006956094,0.25880747631371576,248.452952392667
1.8104955246817753,-0.3129612849823447,-0.5901628870189292,-0.655219352216658,5.672531108920681
0.13942936332901906,-0.3236159900080826,-0.37781634152021204,-0.6684677253724901,-61.461614399244795
0.7256406221124276,-2.4211593029023066,-1.566916382911834,-0.5012576898144523,-157.2271970833
0.028945348867083418,-1.1186264020786854,2.5673093018064623,-0.31087926533343835,230.80059173360593
0.8954093069062876,0.5802456410879349,1.0334958143508621,-0.734397654482857,120.96358752435947
0.15360188626998927,0.11045012410255756,-0.3550877238471149,2.0580102488101137,72.83457113676427
-1.146175337096509,1.5976081327679208,3.1427994576378215,1.3824867248140909,328.3404726834086
-0.8027168797049943,-0.3918112285048409,-1.3915027031459886,-0.3874788761867393,-197.00839336601587
-1.0940715959170728,0.37519719529265505,1.2371437065645792,0.42152690311437685,89.33016892626797
0.5683603838427892,2.3599956257055843,1.5162005950503068,-1.2048816594585332,144.40773206972813
-0.41273324970970954,-0.6180134589866992,0.07762473017478366,0.17482800895504289,-8.65743416282526
-1.0905734301664136,0.39428432816389075,2.0593051443282056,-1.0231560922897058,102.3159615996828
-0.17595136652403323,-0.15290934250682553,0.051778140839712265,-0.22410553039322015,-13.445417509622077
-0.7975026271677156,-1.3423325115706775,-0.33929350907647116,1.2651381638756656,-24.761320370321712
2.1014865417518513,0.25130626191233524,-0.8225086392657868,-0.7308360558886915,-0.41581736681882286
-0.20464977336831366,-0.8583090391094406,2.167122159145241,-0.2871867964825964,182.79253846757095
0.8170686367591057,0.15980750819153622,-0.6499098146975933,-2.133783923456835,-116.79807233100425
-1.2429000707566877,-1.0703606016027756,0.8261963286649134,-0.04579555863495152,6.962031454555607
-0.1253362598171166,0.09608802293499118,2.5541076000175957,-0.6292696925675655,216.8661716565053
1.1353360041684826,0.02093605184731861,-0.8913921249476258,-0.2789329601024205,-38.40408513099998
-0.224029113303974,0.5601472777770725,-0.7117689868556822,-1.4805462459814946,-143.20411929552964
-1.726291463620863,1.4919237799189704,-0.5246229428424642,-0.6849303786023005,-157.95364493996578
-0.6937482614457843,-1.4466461875601573,0.9223445889251874,0.08578297528668097,48.07900996670503
-1.165560977077386,1.1491267979760171,0.6434002243136219,1.1156951183329002,66.58488670681952
0.38562834630907544,-0.1009014457333051,0.43169334472489485,-0.6621899615115199,32.943719829908744
0.7195566011543629,0.4025141662653693,0.8041836022200233,-0.697612267327302,89.35030097070248
0.5707420035258064,-0.025249777064612216,-1.2352693140118034,-0.3567248550589125,-105.5732891541297
0.5989760906698645,0.44156287286879164,-0.5409535259676826,-0.8957300133812354,-57.22729546855594
-0.8453073577954844,0.7536805736846575,1.1603848135461416,-1.0434574609865819,29.698116834437503
-0.4230338185323051,0.17754045549744418,-1.1872785228384835,-0.6084161799916933,-162.49760605637096
-0.8305901851579639,-0.23141723576400935,-1.6659001890627114,-0.6152887069038598,-234.4513311755154
0.28973987706324467,-0.31155804575439133,0.27412003813687397,0.9221698133587948,84.93492572750779
-1.351667363381528,0.07863275583166984,-0.8855941062905807,1.6468005383923525,-77.04302587421607
-0.1184409462743516,-0.0568760792865987,-2.047776188074062,0.3668548282768872,-187.15566658237273
1.1245272904143215,-0.19147159583096848,0.07787342252183807,-0.14019922858876604,60.54106111979945
0.5242183008756587,-0.33868988604169886,1.2827511735060342,-0.4212213880210913,132.55304003651156
-1.3692870190850273,-0.1821185261514953,-0.3603197806037988,-0.5070100811121842,-129.33719314494206
1.2011006441909966,0.15723204241408978,1.7987433223938372,-3.1658903424353984,94.27113467779272
-2.311334829267987,0.5698938858137771,-1.4276444337774472,-0.031238111922810178,-254.07576717192165
0.12714598673026617,-1.7566694998852868,-0.37955354938069025,-1.2299574476727986,-100.80745460017386
-0.2916501176536847,-1.5717475487232915,0.10302530624795146,0.3311333439862309,-0.8857815016078425
-0.4825084016035646,0.949814004551086,0.8725477274437504,1.6062223634226473,145.8030208571085
-0.056236648529236065,-0.09815753709607247,-1.8999291441291888,0.23553845684707397,-176.25229488852102
-0.3534139331051422,-0.2625067924674273,0.01604596221314173,0.23517369989189332,-5.602423466441171
0.18517618652831416,0.6474029697462137,-0.7181099533750046,-0.7742359695432587,-88.67417331899725
0.038229907446619464,-0.5223605960814783,-1.5338611823570862,0.07164707987582115,-146.65926748944108
-0.5525512117921714,0.3916877514036929,0.4975018326938915,0.6935632203799618,57.97946736807474
-1.590038478369513,0.9370638428170932,0.6265737259690232,0.6246218393374483,17.95159735391572
-1.8977501945692807,2.0403981758316885,-1.5689853429002991,1.028359223313385,-184.22507490655303
-0.0980864515721444,0.24246999909794945,-1.8934490131643102,-1.9214822635175284,-275.49702703079004
0.26094358932103795,-1.2864948641445102,-1.2729591801223354,0.5637322174133977,-93.32741994054375
-1.0259871355848438,-0.18268834049121685,-0.0107013874460793,0.8584221513384043,-13.56055679318042
-0.5837379426380286,0.15483637621198784,0.5999416303014503,-0.5052169606393803,8.271459729056108
0.2552209322883276,0.16731966202462736,-1.2548137621888382,0.3011736063934759,-91.53998220877821
0.3914460500355416,0.25246012953855107,-0.7969077604429368,-0.059193976464743066,-55.60067124315936
0.017883326898274234,-1.8091259325177027,-1.610314173937311,-0.8240113513532207,-208.25387411127807
-0.8708168919539604,0.8186306284952483,0.4902561766078549,0.03864455585837131,13.86418967339754
-1.4264377084724231,-0.800482317575932,-0.3602455305330545,-1.1627712931361935,-168.40736133093296
0.01674066438490103,0.3229765194686898,-1.959053721238037,-1.4567462991320035,-253.61025216823958
-0.5998128119087558,0.5606069396225086,-0.34386939481795575,0.6666105678012694,-26.48334509058641
-1.3729011638431774,-1.4153850029943276,-0.9099078219589005,-0.6665113333711432,-201.4462114885909
-0.1892237009937398,-0.8278117973184776,-0.04054820642311669,0.6729272770883826,12.940003950406393
0.20182616225874564,-0.005911593812264902,0.7124993876787006,-0.1341157110197244,76.51617307815864
-0.010402225326639106,0.6855568232534944,0.44425542583935257,0.7107443067268905,84.50870860122886
-0.36861256862893527,-0.160003414246126,-0.5083087583424968,0.6729109836493182,-36.40170013303906
-0.6153821065114935,0.44527285000987377,0.005818924219307592,1.1139839638444144,26.84876071390246
1.0375290463181153,0.026530625111777617,0.23601474452017907,0.9629709602877261,124.85107476815898
0.7826241273980069,0.4448086185263729,-0.016678830477344524,1.0953197684163507,96.53395795445118
2.1684359317357065,-2.0875534779722975,0.16780973569696744,-0.024335213581866733,112.88254062369516
-0.5969756619611721,1.1510906780468615,1.4208421489557814,-0.6933624121930483,87.76526286484011
-0.8230659728239936,1.9630401391510812,-0.1677572523821483,0.6517502681961218,-9.367249575961756
1.1001212039086483,-0.9594188729361685,-1.1387499208951093,1.7082269200201856,20.08070843622209
-2.9514073689416893,1.0964657784000909,0.5984770477678141,-0.2340912595293584,-94.44527817060091
0.7780922925335623,1.4028416700784223,-1.2413346766003368,-0.5436232007959901,-91.72715316913667
1.3076914255034113,1.064383676754275,0.4721694545135836,0.4292697810899828,145.9730671334748
1.0883177016223744,-0.9164524293666605,-0.8566345093766838,0.35890835912370683,-15.775033778794425
-1.341873622474026,0.7484780373668758,-1.221886861301816,0.23795937631719297,-169.38744764125084
0.6341574748715543,-0.030997103325568997,0.6036856911818872,-0.24092435107168378,82.9286788200984
-0.555827316537736,-0.3536648056103281,-0.0846599229412308,0.2977146729179362,-23.867471385066597
0.20736341699232383,0.4006544292948266,1.032783713889059,0.36464399707021017,134.747729855883
-0.5398122348256508,-1.0154617797712924,0.7449286061067778,0.010685972595850343,38.93306139355285
-0.12114818120315929,-0.8599848150253443,-1.4824999096378593,1.0159956685106817,-108.75735002606139
1.0802309923895936,1.4029727788967652,-0.07348650352813693,-1.3308221127928395,1.4574893447550699
0.5294625964528856,1.8633861269830856,-1.3826081449555228,0.9295403670488879,-45.44900843494782
0.8210086421694147,-1.522354012986524,-0.43583120170003203,-0.9107160935648932,-53.04965191225636
0.3500621096770279,0.6426784694226949,-1.108291155737301,-0.08312699062918316,-86.00252481110539
1.6616933240422527,0.6603803167084473,-1.2540872185070537,0.20202690225806094,-18.501158201225124
-0.48920092770905466,-0.5347882653214657,0.10379758044219749,0.9421060643889103,26.51335977670698
1.4644459566933357,0.08068370977757362,-0.24535484904565805,-0.7716847633497459,19.29321913222888
-0.34295716732170284,1.0209235239489818,0.8755732759052615,1.232639736732642,136.63470532609645
1.2736692059370978,0.8692980031643879,-0.28762429653973726,0.20106735802599873,57.46574099679535
1.0347719975494696,0.2832572277392526,1.6987467215894434,0.17299350411390998,232.99248672866187
-1.004760435630105,-0.6944910546002929,1.195701842247764,-1.8230881118432711,-24.26914286876914
0.3449856526175737,-0.9923015620233611,-0.4336218209326776,-0.3119029385801853,-45.184295853844134
0.03719211860962029,0.08982411476141988,1.1809717032915121,1.5782329043412937,194.38114777674645
-0.3708823033251782,-0.4117915888242438,0.27584505309425306,0.28795511292038145,19.99017846998157
-0.09366912044004613,0.7120746841405188,-0.1854089612574236,-0.7778985630972156,-50.73157279632228
-1.0490613850851402,-0.951922860868495,0.2236340202189045,0.31961502947720694,-23.76392403394384
-2.08997419274969,1.0546780043005646,1.2473896144724146,-2.7833616184663343,-105.4978710287049
1.8122982600668502,0.5991657593714699,-1.0103019787654057,1.53909985245279,75.25786419389942
-1.2119232036614902,0.5881904009199125,-0.6236321644103704,-1.9795549784703024,-209.0658272600034
0.162968697757536,-0.252480326538539,1.181397355746202,-0.776950398548213,88.06187433985265
1.0983835278536473,3.784838255663963,0.5759364381083542,0.5028079106626946,172.37083586432863
0.22385149362630988,0.06017400756864253,-0.9120870586543546,-1.0841599457470565,-125.14507752074427
-0.5197293470413722,-0.640243166950276,-0.19875952282182766,0.2598695502805349,-37.502791204485135
1.8456777056049865,-0.8752546436114936,-0.4031041464118029,-2.0119959684241753,-42.3708740275164
-0.18415541208367003,-1.252339648933281,0.34053406569747424,0.23574827794421016,26.310547354377285
-0.085084105092258,-1.3891241661648446,-1.6857339176884496,1.6586362577460143,-101.47354157017492
-0.4396595158900781,1.2640667170607012,0.5911270817332087,0.1561480622979568,55.67646626274995
0.3761367218477699,0.1172261610647265,-1.7581830067435082,-0.4150775086212503,-168.46655811618496
-1.27613115695174,-0.5476498721481534,0.7980728074944317,-1.6536314037080762,-68.12894908359978
1.2873934504270546,-0.49037354970802854,-0.08490787115086557,1.0919936435527346,107.91108206239142
-1.3909032367299856,2.161104975002369,-0.5461930706380226,0.9686727307584182,-59.71731039381226
-1.523325057418188,1.3612811447130746,0.6550551506490001,0.4024905470369634,17.599136102123875
-0.9664007303541453,-0.15314624084359613,1.6680300339241225,-0.609009853725443,85.17952324004678
2.0462330965171556,0.12550152696649683,-0.8223056189163394,-0.36377201262215336,12.803002725394022
-0.7774983519224221,0.7427482739903825,-0.9884539162448723,-1.3989038783719157,-193.88935667573287
0.7000289736103994,0.3668175667556938,0.6972258283418521,-0.21767607677524498,100.01126348202337
-0.4248988235392469,-1.4315152972330516,-0.9565389956368883,1.0436216169844557,-76.84760234658621
0.4141110806009927,-0.9957921636327793,0.06686681258829838,0.4389335003870377,42.558543568714214
-1.104498557260867,-1.430802195404649,-0.6347805382929572,-0.8168407622426286,-167.84243258598477
0.1677781425342626,-0.4405772848545673,-2.5815734922527818,0.8887591274089955,-203.37660889544588
0.2958819148405106,-0.2766366388689171,-0.1165496266201367,0.5379281593821751,29.267650819876255
-2.883718248175701,-0.5512569918315382,-1.155224445826153,0.5013053945115736,-242.18038797257253
0.2331827649338051,-0.8655157232410221,2.4796279974461877,0.5941963393607772,277.3279860121571
-0.8270204498970997,-0.44046212426241277,-0.3326059630692881,-1.5008709156089657,-147.0467155076112
-1.261196612170807,-2.005867624321623,0.6401063865833033,-0.30633942620259824,-32.28018855743782
1.072683761093774,0.45913451249802495,0.6394136848436094,0.3321505894496158,140.3435356183287
-2.1694605580924025,-0.8619820003194061,-0.9776892303033621,1.6232312645967188,-137.89690619189673
-0.6338133679991019,-0.14128938430485743,-2.1018874654389297,1.3353141720067077,-175.17573526952407
-0.6825706669105999,-0.985232320200967,1.201971411532901,-1.4300365501068282,8.904592988281566
-0.13245214139221706,-0.1603754797566432,0.3965105831919747,0.8514038817004164,72.63130660993362
0.5815245016426087,-0.2811758744392901,0.7429259011482867,0.5007923268535863,126.3377822126503
1.1812533033399526,0.2819622717669618,-0.04806546642756002,-0.22468480364403526,51.35284136983065
-2.9324914228589307,0.0606255909922467,-1.0579884454737158,-0.8907838132856662,-294.8871082860743
0.1919129884590846,3.0778990149343546,1.058414249154872,-2.2485102843552713,37.428874345694474
-0.7804271257932104,-0.7421281892121376,0.19394126476907508,0.5055183463350934,-2.0183756832936766
-0.2099538674420453,-0.6648059715597099,0.7482775709150497,-0.4037254569603286,40.13738989971226
-0.5910417082567742,0.40353977731517765,-1.361774164055533,2.4870255503297507,-41.74474468573844
0.6667789796175879,-1.2383461102700426,0.6022990979151536,1.2028254144906967,141.77455835493225
1.8547245842207718,0.3835878959574413,0.8257142627483615,0.968150654564891,228.40727101501002
0.416442240793314,-0.40869898493933654,0.19757812472159283,-1.972485490839266,-52.3429342169124
-0.683916108148288,0.00950438837973903,-2.466329159354739,-0.5609402332866412,-300.4437030435768
-0.4303816258688978,1.9992853893628546,-0.6629845132215917,-0.2627040435934445,-79.73701872885553
0.4829719960030225,0.4827639414046103,0.7292872053412094,0.9575105366550112,147.7656456476479
-0.06722244512366252,-0.4314129100864936,-0.08053022994745837,0.043652681479945915,-10.539919648306533
-1.4702329728879828,-0.6672601758342591,-0.07476616433508572,-1.5851094370406733,-161.17941045385328
1.1531106021961424,-0.021537402579970243,0.4427263770193518,0.13488174125880195,111.94967483225243
0.416695794276841,-0.024859298059116765,-1.1671154757367743,1.7962400363765036,-6.349998441037844
2.0247395703406235,-1.1852227097356434,-0.18863143767888826,-0.635647075625258,49.58084200136621
0.06235596912385315,-1.88522698221308,-0.5374747739063255,-0.1652016849156963,-70.91577914799639
0.16863489447320845,-0.8613438900315217,0.5486772013865254,1.2798789057527462,117.1790860701557
-1.4840136721215402,-0.34852502937438895,-0.38172589112059463,-0.7604824863153653,-150.81775683007172
0.1159577893271507,0.8604197809211551,-0.4721747857543094,-1.6729838305646414,-108.53419750030173
0.9653094283735996,-1.9110858457785767,-0.38266526064732337,-0.8620847781056041,-41.41917708095011
-0.4842592196345791,-0.08735906344663544,1.2387904732298405,-0.8621865571426075,57.36421089375051
1.1091889504310894,-1.4873493030312315,1.260464803530042,2.3592769511342864,280.83538449197454
0.09487741900463975,1.335680653320794,-0.14101462852546504,-0.3406423024144312,-10.710186676895104
0.7566880800983136,-1.2250778769126243,1.1599027939727167,-1.075982379035612,94.4451411973195
3.1427181809323,-0.10151066567926786,-0.17127036254809927,0.8848381520541901,189.98449325091875
0.42485575069613113,-2.121390961613227,-0.5952928671114819,-2.3549593966985576,-161.98440733818393
0.5246638760631134,0.4335272774419451,0.051482982201998054,0.39882375790220703,57.17389903903533
1.4359930032857813,-0.23559497842048277,0.317394155432045,-0.7774956656228892,70.13286141984157
1.7174390091839253,0.9610947376421445,0.2872907381127826,1.4879574304197447,197.7562167889215
-0.6185542206634838,1.5728580054337746,-1.2192994400634949,0.9696821545677828,-90.0467417359792
-0.5044843483473115,-0.8710018480211414,0.0793791065789889,0.8300613918009324,15.290729663077562
-1.139908253598728,0.1142316359616001,-1.9479599924883089,1.2143063612605978,-189.9667287636581
1.089579899696795,-1.6683377401216968,1.0350339254558678,1.3220545362162102,207.87261428341895
-0.029214528553327353,-0.7355684655431108,2.0466627673650275,-0.8869903805375441,153.33236878851383
-0.21601952588733012,-0.6848160432243628,0.29878302405051466,-1.0038333929443186,-32.44486380219495
0.739768745687872,-0.7242571820813377,0.44956950380114485,1.2832049886701338,138.5714124959727
-0.8349444254252041,1.127086624998636,-0.7223114864601896,-1.7082130276180798,-181.689681695416
-1.3634056517735638,0.5430636384655433,1.4000484140160534,1.6183880991630035,148.518473835958
-0.8404665977853985,-0.7698056202792886,-0.8763758540058374,-0.28648683157747235,-147.03049782727817
-0.17600639091661724,-0.6940926469500573,0.9779256760155943,0.04689527407783837,85.11037474451213
-0.6777961221298026,-0.24014198521836022,-0.8347274284682749,1.8461843732648227,-30.243735313093705
-1.7793992192357126,0.8975498245944534,-1.4022965950891284,0.20142552254942886,-210.2155021838376
-1.259762978032734,0.6301324037796607,1.5854375502690374,0.086039281302833,101.2298753721776
-1.276971675646301,-0.4335115523229065,-0.46678932580789856,-0.434199439897448,-133.78396505342334
0.8368230599841326,0.31032785641746197,1.0319623184767457,-0.1793271801157155,141.32626589086178
-0.9421265296778719,-1.3035045329111672,-0.6836303279721495,0.04217176021949878,-122.84377591630835
0.3473097930195146,0.6780061135442719,0.43517112980640177,1.4145507549847576,135.109783295127
0.3284399433537263,-0.3412435377888432,1.6424810293612047,-2.188451981845517,74.94805749787876
1.776498895468545,1.5889489940285262,-0.7207615418659991,0.1782211739065037,46.70729723545368
0.1764615841610081,-1.666823910303697,0.43544698898077233,-0.10461464432707321,34.83985817020201
-1.3766399074593025,-1.6929105046651949,-1.7757424262253598,-1.22888808354417,-314.8952048606727
2.033524461590169,-0.3698776322984455,-0.31164330693547865,-0.3936697739667875,56.20474283623483
-0.12810368259918745,0.5388012729393883,0.20260793896383086,0.4782933526504233,42.70885439141148
-0.484055139578346,1.7277642202365675,1.6602630024920926,-0.06034521731175958,151.73255480494876
0.9870676797578417,1.8513946233552252,0.16403487444332218,1.7282903486523522,166.6546320951756
-1.4607002214277132,-0.009145374480066136,-1.081990773394453,-0.21142609843102605,-189.4150415418805
-0.9108823194807848,-0.3288947121517379,-0.8257294373587919,0.3923280635285614,-110.19010031359532
0.4396709346427232,-1.7079783167820313,1.0316621468356728,0.3919600561062732,129.75126349950068
0.22642707978705717,-0.9184464760264786,-1.532167712781478,0.17178864428338003,-135.66642587380124
0.148536089554053,-0.6946693441700136,0.5192695392416868,-1.070080533282182,4.982310271971525
2.2262244118911467,-0.4351649874314764,0.6374848304484023,0.31955641766527443,192.05520502062083
-1.2063232806867132,-0.14688612262081732,-0.38726655762019097,-0.4291314110436583,-119.63599006206057
0.3314047804296991,-0.036502098844877796,-1.237244020893377,-1.5380346802787483,-173.56470905431033
-0.1802210014636493,-1.119250212284363,-0.35527108777051924,1.3134632317294896,10.136360994312275
0.09286168399734449,0.8507232788509017,-0.5808640459155495,0.6174602690139992,-13.37597054211531
-1.3148644579936721,-0.21330523621745492,0.7239789396287922,1.8410379654963431,88.87660644052634
1.233500072110041,1.708007859379956,0.9387028949152368,-1.1845088918781068,117.86236117482063
0.44408575781044957,0.3180564821563101,-0.03845112990041183,-0.5172368157744512,0.3708928073401596
0.4293130347666115,0.5573827610921152,-1.5810591045193045,-0.47732057963057134,-147.17916496673126
-0.688538749131232,0.015585871374232787,-0.6898922456068394,0.018928228678331785,-100.0482608499366
-0.9446567927609768,0.05060115962959769,0.5439799892067173,0.54772960634895,32.395400982987624
-0.0061433538634385765,1.008781843471193,0.15229440015987972,0.22698388129404193,36.32214241974144
0.9354415135994525,1.711043715732062,-0.23937510076051868,2.1071682888603323,141.08189458450533
-0.07729806349023031,0.39612191586254436,-0.9534083232777414,0.7838355821918289,-54.76568856739269
0.16643825666488135,-0.5537628514862823,1.318303338559541,1.0575976875513566,184.5978695463141
-1.4293134074145384,1.0126584858996988,-0.6922312150188706,-0.5743467420520264,-157.88290678194892
1.0171447767211008,0.5299264221893221,1.0852590970413352,0.33957947235855723,181.95122809474628
0.6170636613100887,-0.4280587688699471,-0.982087765894204,-0.9611112948106156,-109.85924771602824
-1.403816562517953,-0.21274648022713635,-0.8625566816580325,-1.1083963002685795,-208.78833722026718
-0.6373537558762195,0.5395397218547126,-0.5692212692878064,2.2351982497246423,22.657245310069047
-1.6358285435468145,-0.3243180976134165,0.8037185702093439,-0.051942697274249064,-9.49370166355334
-0.29927623464266523,-0.8186921643300068,1.492626469693074,0.916469537742738,168.51154823161554
0.920668320573308,-0.1753036713615938,0.7123942270918886,0.1068227454832293,123.51759634598626
0.017201456725711477,-1.2219411542349319,-0.6400145963687478,-0.10037366896867633,-74.44688277519366
-1.4069843089582992,-0.09936350388990914,1.969821029795829,-0.10856627989514732,115.84556799799445
-0.003969391661449848,-1.289730597428978,-0.6131467804685604,-1.9425224868195576,-159.62964946705324
0.1925539576742962,0.6930524346643578,0.4865532248257993,0.08176027768424082,69.81284512172772
0.6869552139768351,-0.5430971331692257,-0.723019425530106,-1.7512790396004712,-118.817461864785
-0.27533301774859115,-0.08993776243065307,2.096295892528561,-0.48507958754916025,169.59339810344778
1.7544570457649953,-1.5232408130836912,1.5471393426683373,0.1788379494655973,240.23407393307124
-0.8637157805134642,1.035892238425863,-0.35472094585680936,0.5269385921775974,-43.62629226678004
-0.9153646647486706,0.8622005210424502,-0.25883317491968033,1.6416191446674542,13.443311509639564
0.5183062345338842,-2.8248423761077213,-0.44044937442574844,-1.6087921678000996,-113.23773489515828
-0.21566410662655458,-0.3263400133148118,-0.5979252232651369,-1.1373213956784296,-123.20471446608259
-0.87583425690391,-2.218881907460479,-0.2203167805947616,0.057366584105855066,-81.15462418621915
-0.46680140773954804,-0.9090919267102582,-0.17762667415694144,1.271626626025118,12.364546432636036
0.08439476708694837,1.3008209279553649,-1.8565719953789075,0.299501244401099,-149.5161781407579
-1.1007197443205483,1.052150507778602,0.07213326410594227,-0.5216280362011687,-63.091906348361846
-0.9967158170423046,0.5482251878835839,0.1271271735734197,-0.04767697312373042,-34.637877174672965
0.5744489205886986,-0.43583636241995954,-0.9322958846465149,-0.13207669637070787,-68.6526525941435
-0.4898608874078792,0.7943627688119977,1.0930262439796947,1.63804883096428,167.17986271813206
1.4272342310227721,0.2850601799076528,0.6914679527095513,1.396949109490854,212.13743176362675
1.3068908872743503,0.44161507959828233,1.8798049416921263,-0.8522594852091597,218.40924413856558
1.4333247004625482,0.9200040615190552,0.8794017352268951,-0.9547740939520228,126.51022271680631
-0.8905078730337301,-1.0406627228255625,1.2669035264296789,0.1341369193231706,77.07746381904927
0.6520200432926413,-0.9677565444577795,-0.39657132841666715,-0.016971368804768447,-11.463429874420966
-0.0730908376371888,1.1318826922201615,-0.2199101598801622,1.055277859094113,36.1420407727205
0.6142261846408928,-0.010026205040885387,-0.7723394543645805,-0.17088929595707875,-49.230571871859695
0.11091427424203315,-0.3373979390484544,1.2145849179475527,-1.1655527175324867,69.75082187843807
-1.2665582819530605,1.831132290593673,-0.7612919001278803,0.39733886884776726,-103.66339568774978
-1.6143597002696446,-0.17049117891871818,-0.4552445753162881,0.3036459923565643,-113.65715532550445
0.9192801803278178,-0.4726782879502855,0.7007379495607912,-0.20842932584194027,105.09754443663061
0.4195750763032118,1.3717836077570273,-0.07099062404749758,-0.006647509264028985,28.944037773946082
0.7790327918765964,-0.34217786834350344,1.830611606294514,1.7730555710408833,301.9285034448153
0.8590115206017085,-0.3055074446172528,1.1963516800183491,-1.0550016904493498,112.31648868440736
-0.5547988947958303,0.45094861609951775,-0.1931925202633554,1.1949583764499927,14.266926347961968
0.3692401870251264,1.4909461071888377,-0.09994802336963524,0.5072698813861751,48.63535180029715
0.8580681172056248,1.2910564880009066,-1.1819473498213493,-0.8415942048255322,-96.51544876100866
1.7404686524331046,1.481552696274935,0.739755086083037,1.69871003917608,257.7729618964039
-0.5055685190401638,-0.3302430230914397,0.22911229015444676,-0.482771695615992,-26.974930097180696
0.36547980852342093,0.9061714743868705,-1.0185928590998892,0.1660842054432274,-62.5578116635821
0.10118816220989156,-1.346236136628801,-0.40133185759145784,0.15015289758556927,-35.820856469757345
-1.0477051049279644,-0.08340483698556637,-3.215096824853255,-0.9938940791533334,-413.62584388670524
1.3495331322214823,-0.5186572555716973,-0.5151222764029244,-2.8835602082868648,-117.10204372367728
0.31437141650522127,-2.000269639596701,0.9194594060149924,0.04983333018279095,93.7996894127222
-0.02351191899208255,-0.0388388339707361,0.5514665278935161,-0.5236079074037402,30.30510979353889
0.2699617458575723,0.43895128776959624,-0.9846435687181596,-0.6568524328981119,-106.60939958175881
3.8711423881805564,0.18842409283744332,0.5136615782221482,0.7655749787404323,291.8605072226214
-1.0983029728161187,0.30967148790840143,-1.1921236463765232,1.293640789167095,-108.17875802562939
0.2938120792846237,2.5358813244633667,0.5846306542765252,1.2006618716331743,152.97590136037724
-0.2511840305457377,0.30431644799897417,0.9361667063871776,-0.6252302130189148,54.18673891874301
0.5730622804069321,0.45270838747885256,0.42597603483103663,0.9249982482567486,120.82796712866887
-2.2268350895302893,-0.24118475377585927,0.8330189802202235,0.3075483330007163,-19.906726728769865
0.3294466096707937,1.0248811526400536,0.5372675987050467,1.11081204422962,133.01309382721726
-0.536635589692483,0.3053591785353466,1.0399999931975974,0.4653712557640827,100.56694184812456
0.41026555398923764,1.4535706877052268,0.049306076095752,-1.8286874134521056,-44.2974870997386
-1.6322568807661844,-1.8708072008751606,0.6906668113854625,2.3707149734803443,79.49018168089222
-1.9861776725886124,-0.4677311446503875,-0.6802048675651753,1.2686025663528246,-112.36551384152257
0.2663516348866609,-1.861548803839352,0.6081141258431741,0.20590081928342346,69.48014682602494
-0.24343442581274832,-0.4307416907657492,-1.0913681021583013,-1.1641552889720732,-174.95257450927087
-0.29980433219054553,0.15028244391991943,-0.5354412818800217,-0.7809139813980073,-100.83922548006925
0.06746123922931216,0.4378823658973896,1.0879790226977284,0.23158310843399368,127.05334351699788
0.7949698812202346,-0.6939279478801395,-0.7601684066822839,-1.0202433969612268,-84.26373642488721
-0.7700141107687126,-0.8965025208558264,-0.15395390454667385,-0.059313862127729856,-63.22087231077525
-1.4454957524075356,-0.2477854215469262,0.07536345029113142,1.4894848059352122,1.9851512199173966
-0.11025230673418522,-0.24074253407882143,-0.0826836339282576,-0.503584151602275,-36.85558026379584
-0.8438920427049548,-0.3248581981682429,-1.330203506394158,-0.7148784641784771,-207.7985030724413
0.5173690614349257,-0.45082446597958903,0.41400111845227466,0.7807980991659808,102.60855973327331
2.712052933348954,0.47523435384225576,1.0625443337210336,0.46264969095041064,273.41675453268977
0.42497401055916345,0.34134869161150133,-0.11483758663303106,-0.3837782557981881,-1.5895263112137317
1.24135913586673,0.39034011277872394,-0.850886418495265,-0.12982957959152042,-18.609240473535262
-1.1290852256840407,-0.25844314229662646,1.137536697154524,0.9357826188857012,96.36170783260253
-0.24411855432976093,-0.805007427433644,0.0012034979698139464,-0.5008871961374681,-40.37017066708888
-0.8239549914956523,1.3348596012752008,-0.6341752062369463,-0.2216235646441781,-101.35796455807406
-0.32347660689337526,1.5561128822294872,0.5660206287322866,-0.3004036168921328,40.202469099254955
-1.7672011850016123,0.7771373465785198,0.7973011483032951,-0.17119193617212441,-12.962995817779293
0.7292325422038083,-0.9617778690652742,-0.8214903059063989,1.9380021692658977,42.34084244745151
0.15228997568665958,0.3628469694262851,-1.4625069238827058,-0.5987608203787158,-157.36540733002965
0.13708807265758632,0.49086623655498085,0.3281054452183968,-0.7735892928703588,9.636252312670905
-0.7770354369366328,0.6392381979022544,0.22022467080169383,-0.1979960267468752,-20.138560589524563
0.20781818408738564,0.7149469461273762,-1.0585891121625308,-2.0862013896268023,-181.54249364689693
-0.43912610982694406,0.22700939825790606,0.34394132442789077,1.1803138999675589,70.34539151234523
-0.017381393830888783,-0.42125580724784234,0.23106014638786618,0.6845492132450692,52.387913197426904
0.1657046273998438,-1.9621725562662984,-1.3126166303022075,0.18500397154263995,-125.5493963786537
-0.2196945279986266,-1.0077118787436088,-2.5399253682098304,-0.2690615098413991,-278.73989195763903
1.2067970706416695,-0.8406736334487114,2.9409618382528877,-1.1581186687021923,291.428244841493
-0.588749289980796,1.7675089568659845,0.7120394626949373,-0.6825468955380533,24.86933721747017
-0.8883378140067579,-0.5061942698845578,-0.5809018041042711,-0.7071209050193025,-138.1054844830728
-0.08512083978430166,1.454664328051344,0.6589490168681048,-1.8780097279643677,-12.686616494089957
-0.9337371621388548,-0.6025898063303899,-0.022677379185787994,-2.1980169022460694,-156.35766776817428
1.1922122865554758,-0.2645002131530532,-1.012472268702445,0.7010888740507811,-3.9869720833882734
-0.31293985415471853,-1.5557451551170787,-0.4802226365705298,-0.21526894297509844,-84.19193068382639
-0.1733267330720433,-0.04840282888232746,0.20519654382312344,-0.017328191205941416,12.353156064032415
0.3079755551707338,-0.30116195911161464,0.7942015952892842,-0.3213358278254885,78.66579351988237
-0.4054744468315433,1.8948291569943474,-0.8652465170160241,0.6588836361524473,-56.158064086946105
-0.12814784921582584,0.8045084136134899,0.08958535612585203,-0.03808741293265197,9.79157045315536
-0.5397951432861035,0.19351113289056038,1.2194194311542672,-1.1785790261216782,40.271801449325565
-1.9799206449150057,-0.5573289205693343,-0.9947564620291187,0.23854007754930243,-191.6660355536738
-0.18703162606109133,-2.133152608427205,1.0152354528115806,0.25988759250413024,85.85243363933604
-0.7807870278120487,0.9563324995464105,-0.16578079490012002,-0.725230945964244,-80.1339743910999
0.43907954378635156,0.21216199266653898,0.505125613386629,-0.633852675033838,46.95195805627208
-0.10103262381433677,0.8150003700267899,-0.2841285226585694,0.6901476753598661,8.792506610037384
1.6209122945009289,-1.6492517282457766,-0.1666704850601544,-0.1389594398742615,50.1178734193209
0.9426818378413943,1.3818187321015991,1.7374732170686156,-0.6519721289449156,202.8566007251065
-1.787613246024431,-0.5277868267796284,-0.01722315083469596,0.375522253089572,-79.53436333153496
-0.253084203835519,0.9056381498955663,-0.9688336200658202,-1.0589711536136155,-147.1859706970749
0.25559158779681046,1.6807442769894787,-0.2776452209771563,-2.1949922323030377,-99.26375182485613
-0.6176670816432102,0.09145826998568499,1.2787943228545524,-0.053480927580115446,93.65557562675322
1.4478066206606799,-0.7322566853961576,0.6864820055110841,-0.10151384869902647,133.71300649565666
1.157031219064848,-0.7727993693762234,-2.169577087862112,0.20983501556492107,-146.3591472987724
-0.3363956150124592,-1.268895606655852,-0.20760503348582304,-0.7682948917336643,-82.53094567449075
1.1111809202517033,-0.7678823889822709,-0.41578554526192396,0.27830463177449366,26.152676575173924
-0.5746608280555326,1.197359311855221,-0.14682484345532318,-1.1906832386602557,-87.18934218749668
0.2296806106017368,-1.3751375619303656,1.2134375965174264,0.6777250325954212,152.93316804272968
-0.5017482346671405,-0.28054138986990396,0.5916521569648664,0.2622526886477312,44.01708359594169
-1.218421188893212,-0.2081194264824514,-1.0919949149205328,-0.5291452600978842,-194.38676109544772
-1.4260629571508747,0.8111006029095912,-0.040416781392406516,-0.32125327320439934,-83.85767754922551
0.2697187581758741,2.410980940052173,-0.18308557640476505,0.030729871091355138,20.757097959225312
0.5767734566919812,-1.344870593920032,0.3863004775375558,0.1526587405836053,65.87344226967845
1.3341432538736326,-0.377973237148064,-0.1711826196453339,-0.2290372237479031,41.279554297436626
0.5956943165000924,0.2792931790253014,0.8165671913678488,0.9019540582710155,157.88094184704713
0.7982856099435117,-1.5629406306912172,0.33725614605708554,0.21087210340058268,73.29296210660289
0.6044011503214289,1.599643365195842,-0.8874206148516902,-1.2663368088752627,-98.15541142329337
0.2508731172163662,-0.6010668428684999,-0.15798618550885696,0.8613428041635637,35.16850882923424
-0.10535646175981793,0.436562585343098,0.9900727725197948,-0.27468714333407784,84.70253753984241
-0.3112144046690866,-1.8733296468487375,-1.1471365219677114,0.43591794303885856,-121.7304490893648
0.4824253290340126,-0.520310416265469,0.9781173331144166,-1.554236569625416,45.926561619361806
0.6972798926757856,-0.323196575207287,-0.3194127487872929,0.6731304950099526,36.3165051049113
-1.0107358280556424,-0.7356118398139772,-0.20175084290677225,-2.2652640382825147,-182.33238585724573
1.0338453915640042,0.8213813144601122,1.6485499503313916,-0.765505621021319,188.5678652548443
1.0018205765803267,-1.405949451124937,-0.5721559403569044,-1.3677982122629864,-77.19714061458711
0.5227666279778334,-0.27256024392368916,1.329043567525764,-0.36671181608041575,140.20500772823718
0.7340115620912089,1.8446236553593836,0.05724454023291176,-0.7911836565322445,25.215485750489158
-0.23787300184885843,-1.61995762991487,1.4712274688249947,-1.455751622267196,51.7442552421454
0.24733753387612467,1.5351574274425688,-0.08655801975690111,0.22706181899490707,30.692883982588775
0.22871681249796283,-1.3356785109134395,-0.4029645519686699,-0.40520816282040784,-55.45718628325541
-1.4879982476827207,1.507044178150532,-1.2240312768565322,0.07393568831368451,-178.37029013378506
-0.8614415097308797,1.4117253317626188,-0.9030337987024047,1.0738096967401856,-68.40781934827956
-1.6215758256494988,0.7092292384663896,0.08322507754672404,1.6704159414694664,10.037677951911242
1.150872062778158,0.19672113339613434,-0.008122446123763304,-0.569041028041753,36.886937117554325
0.475566574303552,-1.5908632179134392,0.27385584721450984,-1.903355885468609,-48.62612356304703
-0.777221309969257,-1.4657028773356946,-0.29928618972315024,0.05378227795999821,-77.5308270092048
-1.2528564149855377,-0.3429874073118503,0.817218659753383,-0.8447642751499468,-25.39057367434436
1.0204436388474925,-0.7362949563106278,-0.4498767552470388,-1.5664187871205082,-67.95188401170572
-1.3333085755991405,0.5269856628053855,0.018504696676926526,1.4111805519300702,5.3191761850443315
-0.3290638882308525,0.14489119582360177,-0.10679798758304941,0.7347056692515138,10.428753294191914
-0.8415847600019338,0.12051397070620751,1.2080326951051283,-0.2052464067390504,68.18532872164025
-0.03895342671535001,-0.9129091727834681,0.03623443962987226,0.5250845681194484,20.684775087518748
-0.7923149558707205,0.9239296629758645,2.1494603153804857,1.4744291662904974,248.15582563473856
-1.3478505243630892,0.31220835811809533,0.3967403737406805,0.5406189837672456,-0.9940083190488765
0.20281835355244088,-0.7837088271602001,-0.026283240935960663,-1.0740345457681348,-46.420476787772195
-0.5287245240516221,-2.198618058043373,0.44578561051033455,-1.534752899058498,-72.26170432107406
0.5013043601122652,0.3606817774439127,-0.8552717535952301,1.9101831838699246,37.30626255843816
-0.8530719019540706,1.4485529913500896,-1.583823328164894,-0.2634590050644204,-196.80458592990476
-1.0381360146944953,-0.22583919039699513,-0.5702481585978096,-0.4253019458961522,-129.2996263995952
0.21249430812720121,0.025766049631290786,0.18059055814689273,0.13922749499867745,37.99625557184231
0.5138589632718245,-1.3321291668232975,0.48740530679322747,-1.4341344583782445,-1.669157792395104
-0.8972505546711006,0.6146672332297536,-0.20626309820888797,0.20844331030813032,-49.46476544729575
0.9872454333156122,1.0541574999811867,2.00932914955829,0.36970200104703566,276.81809793901016
0.35295107924510283,-1.2562730964981885,0.1804307103397239,0.19043260758701644,36.591990802089086
0.7206494369805756,-0.921902524621221,-0.5653657810492722,-0.27980235841926787,-36.191973756264936
-0.1845709143291172,-0.621739374228477,0.09431940573985234,0.3534449479992446,13.363141242097495
0.047090209823634946,-0.23437072642877438,-0.9384340804062736,0.042984591082148874,-86.89882641044333
2.009901119406307,-0.5788498313816791,-2.905006078170591,-0.16428535113365036,-189.5143559334996
-0.47865325761524263,-0.1736899083125725,-0.06532835002065543,-0.5152692433387661,-54.37302436187545
-1.5657007771096958,0.8008110351045099,0.9169175167424068,-1.1653979259416372,-37.09937430946125
-1.1263983886027338,-0.12178243859548468,-0.9749035107258729,-1.7889915256563602,-236.3535124386547
1.644305278816275,-0.5043951918092834,1.2322632231742094,-0.8024480080215244,166.74719794676977
0.42192898493993514,0.7865658068551169,-0.02521686039263483,0.23098688530413702,39.552497770921015
-1.8048017613432603,1.659462387351085,-1.6207426832218739,1.001578250666888,-189.04098600096586
-0.00032782842959999713,0.6492845095937165,0.036370898010894305,-0.07284239991284057,8.100003784567631
-1.5961663269455255,0.8491694135827687,0.6569175587215712,-0.2109647041546101,-18.99953172783004
-0.7183504331706846,1.7053444638661965,-1.2287610809397438,-1.4876209890267031,-210.0040747134253
-0.9213878981600581,0.5967273290979727,-0.00396946435355388,0.6160193863210452,-11.946510478037114
-0.3370252232213317,0.3643437724511711,0.19919434530029545,2.3755632126901514,118.40651998693797
1.033388024686524,0.6757861180635512,0.3577101465653061,1.202247154139516,153.16708762263798
0.02097630019012156,-0.6448051853924164,0.05318155767015189,1.1936607509322634,59.05238219179748
1.4093084100928381,0.47158841516677064,1.1194163370634687,0.1343048948587593,195.87216745141714
2.447104094476476,-2.1532192523635394,0.39463479018298003,-1.177026058151165,94.96658793332199
0.323437717219867,0.44254244852702534,1.4841014329117956,-1.0245197490655045,120.36125752514326
-0.5818044995576485,-0.5495722762503997,-0.6114780279053056,-0.6937286602450818,-124.65305098784594
1.0451466300098997,-0.8065507431821825,-0.7673220457626364,0.7800261406732671,11.483269894997395
-1.039250908302948,0.18515810164956922,-0.9796446841499159,-0.20235792075456732,-155.2861357968918
-0.33820881787698176,0.35094601187978364,-0.9544720115212013,1.2528372635441918,-46.91030632185532
0.4386226053029528,-0.7757054438608606,-1.7530449574322151,-0.8434670447619405,-192.35332341164715
-0.3526392691252751,2.2025462504510975,0.9845346029913877,-0.7460521209669893,64.48540643462698
-1.1735187374373155,-0.3178197139436602,0.24819412467153137,-2.6573443244274135,-161.385706670408
-0.857601669939638,-1.7808123240286253,-0.07194367147931234,-0.13087327273310267,-70.80392273279139
1.3357226686740569,-0.6709604772014522,-0.5841510681947507,-0.9718914266742905,-36.30037568185282
-2.5017324825448775,-0.30934752727236,1.4188801787040959,-0.6833428461322698,-23.822099497374072
1.1234825248164233,-1.1316225152173638,-1.2792977184549632,-0.4079818734630078,-92.92530770076667
-1.5556083152382314,0.28804997846590596,0.47487664771275,0.3159875509800934,-15.055056856574433
-0.6613711870336731,-0.5679069794009332,-0.10790942776670026,0.918343712414333,-4.4320657022236984
0.18785064645740904,2.11436847529267,-0.29786327645575567,0.6381945392997567,31.33952254221456
1.7136372678451688,0.5746430511416909,-1.2651245715582342,-1.6474901790899674,-103.9126131050524
-0.08530406283244366,0.3897557985811469,-0.6928956776819724,1.7042612843317164,13.2681906601654
1.654277614989647,0.5207318893576948,0.05157027352186636,0.09609438711271454,102.64326226573715
1.7531457079891037,-0.7472560698031542,-0.0247339594080742,-1.463451227593325,16.596115425548113
-2.0560353972093086,-1.7635024328832374,-1.1684921915759325,1.066806147492252,-184.46408964010928
2.672815551266193,1.4126323432497414,-0.2549808265030136,-0.01829078656164037,128.20454747437344
-0.03913358729550252,1.0838696702550465,0.008415362053785413,-0.8854173098514003,-30.86781562548957
-1.0033254001490546,-2.129334519772588,0.46383867902182496,0.049772962360508606,-20.57857303097242
-0.295816078584169,-1.0342233085869592,0.47905765929468586,0.9558754793430573,69.40103478143662
1.489839236145605,1.0573324677571159,-1.6748766077014252,0.026053595015958185,-73.25788024859392
-0.07980859767480769,-0.8461508983092798,0.27716756824300465,0.018576942230525625,18.955544841089402
0.7919806302311493,0.31276478537770086,0.2833669970217554,-0.11181386706462511,69.21150218897527
1.2117046898861668,-1.00130870184615,-0.833948804661616,0.262733417630244,-12.220077739768163
-0.3943627459592353,0.516033540406864,-0.22939864277625052,0.8407358929555573,3.0951369277346075
2.4096467076639514,0.46236192413126265,0.2957756972110833,0.1409830502444033,167.64239076635155
-1.4691859321531258,-0.2565301910318256,0.04623554853455251,0.8592436823872748,-31.82662999477782
-1.0275025773880542,2.638187285813084,0.35607109678792054,0.15902502611814398,13.978990919127224
-2.317038194690934,-0.5938893125250471,-0.26531808860061296,-0.5824200531706595,-176.65128638131355
0.15532660771232587,-0.26135662680674304,1.1188544277903099,-0.12825759539190812,111.76762160985523
0.7556576423657925,0.9716297838495305,-0.672626592110087,-1.9691622344657969,-107.37654525206509
1.265247805142143,-0.007134055376362643,-0.9617517159510102,0.20254318493726187,-16.12324100432278
-0.8275641123348855,0.11294678410507114,-1.5600483122288646,0.8625495629566562,-151.71054194594578
0.9191183378301707,-1.0718462900332828,-0.05412232446929751,-0.5651545450811079,9.388324220015479
1.7594873079392241,1.3993664242010062,-0.6644347155990779,-0.1249273183298332,35.306436217873795
1.5100924771197266,0.44371525680121865,-0.9061199172365871,-1.1344048072687256,-56.62340730958822
0.7242044646516899,0.6195138014488113,-0.30531277566581944,0.9584205266872597,60.5354243304277
-0.06196636769764377,2.458751831034786,-1.8216717431940193,0.32808169709525264,-142.4040588687994
-1.8978352935621765,-0.6352422259135527,-1.518324572707503,2.336455620521515,-141.4133918801122
-1.5233873066200578,1.6256955099713144,-0.24994341435210934,-0.38031401289701117,-105.18411932590548
-0.7735749976692964,1.2387535209740221,0.33868198071403705,-1.6241207200661352,-69.81601998431074
0.453485845832012,0.4991844394836944,-0.06189867348885203,0.027013712340930342,25.664222380342547
-0.08383931459148762,-0.29420452365433475,-2.6737327441103926,-0.2868552501275824,-279.2430847946101
0.5888211023741782,-0.7743003823788588,-1.1161407293205365,0.17064017797769304,-74.65509136920546
0.24949350359042316,0.8192652908203377,0.7629325281062279,0.58553947564895,124.39845813909457
-0.7396589910208072,0.20509163741033165,0.29965789402796755,-0.7376181256647905,-39.66447606529771
-0.3648151950552799,1.4494059840520295,0.15605307995891188,-0.2533292475988275,-0.574853764242707
-0.6574166229666778,-0.8198161839574181,0.8986033770971081,0.6216344570091795,77.99860315599203
-0.3967302395725685,-0.9111039584489523,0.8455273944686532,-0.14665128478174475,49.68929179197409
-0.15085898080253166,-1.8700868219920606,-0.074013076780089,-0.7758122129878308,-65.12167050953936
-0.4771924835312189,1.1657913168793852,-0.13046410732322425,0.6073538827116562,3.474167340714522
0.4296219967253732,-0.3571516722730762,0.9631928339689053,-0.3044136947974812,101.89434200626573
0.2812811914522719,0.08362844801391908,1.3294877786690773,-1.3161737391510673,86.37186366054948
0.44948248069680585,-0.8720634988230723,-1.0567488389475699,0.6176256466409826,-56.0826491010103
0.6436311020087819,0.9652349484782622,-2.6800432305554684,0.1649902318822457,-209.9976529682125
1.007565488049488,-0.5494455362456455,-0.4785178315476507,2.5910447376405212,124.38217408421795
-0.8728755712070759,-0.9408219024219421,-0.023055509651903235,-0.4604574145030558,-74.88562086110034
-1.2317693486931083,0.34529919644318197,1.2290754654778615,-2.101185069271166,-36.66701464921706
-2.262359610933323,0.03282081188623422,0.8519388549565391,-0.07623465832411044,-35.46150670703761
-0.7200347233046329,0.42622601789451076,-0.4483368751044646,-0.6613066189083897,-106.16374080867884
-1.680747799807705,-0.9186920175671144,0.6432632244593468,0.2377930006042777,-19.099542943130643
-0.41450789038598723,0.6366690098531597,-1.077441910045602,-0.037594497792857874,-120.6567128430564
0.23985962938675312,-0.9317298658590613,1.020231669837131,-1.196932081033499,50.79511983092305
-0.33587770213397183,-0.16744195806737006,-0.7798193822488194,-0.7325877538548935,-127.0155070916935
-0.9503276932252417,-1.1427148448551587,0.47921694946614046,2.1028043711255227,88.21163641195218
-1.0652485377713157,-0.6670043787928326,-1.1883240263438861,0.8759193514263252,-134.1660790583842
-0.0653056656553038,-1.3658691138737011,0.47205476457805795,0.27291250348762386,46.068297007949624
0.45453770364203766,1.1339866749125689,-1.1614462770670804,-0.7273325329852427,-111.64902518001901
-0.5335820931003888,0.21639652217840777,0.2518185645756351,-0.8852102005081899,-40.27487379565016
1.116600929735627,-0.4824998487447893,-0.4009372943491113,1.214026209346646,74.09511849359875
-0.5522731869644281,-0.617198500060859,-2.1039169817663406,-0.9033758362559495,-279.6151041102919
-0.6601073581925154,-0.6501855503044016,0.6013454794482299,-1.6331377538467073,-54.955111472324
1.3715125030976818,0.7556304709410557,0.0915715578934334,0.6994568276377949,122.04346055509698
-0.24250822341242398,-1.0116714914949594,0.9870773456766377,1.5775566975203161,151.12659060049762
0.5753351245549644,1.1976376995004614,1.0934722089416886,-0.7952297991000202,112.55104430454311
-0.3091888865231908,-0.6988609288345826,-0.9878602154626697,-0.28834400170362867,-129.7569134783566
0.3154576285752233,-0.20646263749510138,0.02654122832971086,0.14556376456313982,26.549678961710157
0.16295117292041503,0.15996057494990373,-0.43575031490504024,0.5991803959120349,-2.231660281840215
1.2403525696636526,-0.4134628181011107,0.036794981714530876,0.3508785483735073,83.54340472609066
1.0894406917596708,0.6638247350261021,1.8469197845030154,-0.2714847245761519,232.87642071231457
0.18271341821522002,0.010317674885867816,-0.6876386235398382,2.0075013812745177,38.52866233914746
1.8577937086082872,-0.26309260702383513,0.6770561641524221,0.3935853840976133,181.45947440909774
-0.12843222263040882,0.8380928362053982,0.6548076153999896,-1.3606787332322712,3.4383015339206713
-0.32308870908754056,-0.9329002395515087,-0.4068445839395639,0.5448085372830554,-36.8978072246435
1.198303086474901,0.8912461199551704,0.9682573017941579,1.4449560714620815,234.93747608994164
0.6146528817412511,1.1315916023254171,1.3827093773671082,1.0753694497788922,229.77722458478567
1.584356751654823,-0.9671526050801276,0.13019999860260373,-0.5328500006584905,64.61829737255155
-1.631115740929856,0.19716289977370963,-0.33629738303190143,1.8941345375252476,-25.202745185909492
0.38760138663330923,0.777127827322716,-0.9801458666880632,0.6480461461352903,-36.21055734803247
-1.0430121209656222,-0.35486794263963856,0.5696866785360173,1.1352370560307852,53.56411682718256
-0.08892676226238347,0.5176017562417691,0.9525419584008957,-0.1225396527349247,89.69396183609588
1.5330296136233637,-0.22672002889894766,1.7539573975998168,0.36919838446417574,269.21273521786907
-0.6859755305400681,0.024664567867505274,0.015233463592607206,0.4878801425805102,-8.856154170591372
-0.00902394566288557,0.779808318490462,1.306454106968719,0.8249552278552681,175.1904583632023
-0.7877218450058717,0.9024731120578545,-1.590442331312348,0.6524782822948542,-155.7881481007106
-0.17305562832213534,-1.9777912852718187,-0.9259207416635173,0.03513514577462812,-112.61914115764827
-1.3414423070919523,0.16786892402738465,-0.7301468348346266,-0.6780653406413408,-169.10855953239994
-0.7583430630230688,0.7386867281801527,0.44707114881451654,-0.2111457616037361,3.1236225175492716
0.794513436067343,1.3008314144053434,-1.2841703282582073,1.7051743730030524,9.189759621049088
-0.2627961110879513,0.23597377159890456,0.3008031679891339,-0.55384903557816,-5.706293438332617
0.007801349562083458,0.8527594649379462,-0.7508470067673589,0.8703548885346555,-22.573405640779
1.5485366344774367,-0.631762704774996,0.1484109064754983,0.11925769690924383,97.80821514161204
0.7086001487235178,-1.7154777746549974,-1.3325051795269023,0.2876969013323509,-92.32826425137465
0.4548476887900045,-0.005616793645045186,-0.6297227463793346,0.41026374328507703,-16.38662413626254
-0.5698295150432442,-0.5652558116385642,-0.02436232757601646,-0.6272188898228951,-63.90027667744893
-0.22247494151299937,-0.9538781378525216,0.8330878571688567,-0.8301178148858285,25.31754655062481
-0.03324576143640354,-0.5695339095508211,-0.8054554938301407,0.7761141826022284,-46.774513439921236
-0.2910963086224661,0.7512281619415861,-0.010944206230639835,2.4723893427503065,108.30017515469417
-0.9426481230297737,-0.3031636240748184,-1.3287909649900655,-0.467919235607099,-201.16989754872478
1.1065193698673768,0.7376436357742568,-1.4621834036244084,0.21277014781102252,-66.57947710022357
-0.19164090982027707,0.5718522848550849,-0.5328894190265524,-0.37287582739132064,-72.03849081949694
-2.004703758350611,-0.3201926060311889,0.09946174042434516,0.058564443310427705,-92.28807687915449
-0.8176763796207946,0.4738267264991229,-0.5191098186726903,-1.0549209769955263,-136.33092321486473
-0.8588195549166374,-1.2891905121270746,0.5206483282492097,-0.3224053025118656,-17.541451334986256
0.16674743799176825,-0.7059834571709546,1.734553625134521,2.122232010628028,273.9782243212925
0.024688526740618753,0.8835724741518959,-1.2306049475080443,0.9810633716236964,-63.324549375480814
0.21870121718813154,-1.0113813790364452,-0.37363409943278636,1.0600834777647936,18.20168113733656
1.5888158504046934,-2.4897701269649644,-0.9521042502933529,0.49003813110497624,-6.360671975791672
-0.9831736013785901,0.5509998213374788,-0.21701962146670026,1.2355864614358034,-7.5917833338897776
0.5527072084010949,-0.6685781391315484,-0.517477975091564,0.383070213314989,-6.999070193895296
-0.9971900123610249,-0.510654324234092,0.8108594739983779,0.18582999361165567,34.13476572275439
1.2429006073800613,1.0433481319697837,-0.43663367371649664,1.9126043081485498,122.87307154928861
1.4024222881452797,-1.1415465572304886,0.5350777800171304,0.8356209615630233,157.0811238002518
-1.5672648746197002,-1.3450062606626159,0.4915524257060561,0.5458885021709273,-17.268900602914844
-1.254504764279969,-1.3763063583571826,0.851683607719521,0.44899910819220923,29.49147183035947
0.23521273577301127,0.7112643022882156,0.427419584097329,-0.27671127982857313,49.808514470097016
0.31990260329360803,0.2160526724104405,-0.23168983436890145,-0.07910213682561712,-5.266042831312782
-0.052028935883695754,1.9945530790949269,0.284030959888853,0.0755775537964877,48.20203149008621
-1.5059175883766014,0.16979433750705586,1.034336148769483,1.4701053514466034,94.96352537774335
0.9020021328307936,-1.2653536650044956,0.191896369740858,1.013890896445503,104.61241387789141
0.8984295867323286,-1.4927416925014876,-2.5315594612475065,0.9538041088040818,-166.49250049088482
0.9734421516434896,-1.3327538951851314,1.6411255865601537,-0.6949967902503942,169.55042559659344
1.4981670339684703,-1.1598942273412676,0.8224499361549182,0.8104033747603363,188.80260170074962
0.4805950161051462,-0.9518234553064251,0.520390709350494,-1.4617387544761828,1.8917231210169594
0.4827344611685976,-0.30271171426562593,0.07482894124648437,0.7330214046761822,66.44065834193424
1.5034445488291348,1.0519508028042663,1.882352555210459,-0.4181183267093863,254.41547522381018
-0.9534373338302987,0.999053396602284,-1.82774800248619,0.8921958034314904,-175.57295869090356
-0.27733045227920006,1.3269474755465447,1.6440617787261793,-1.604479469575562,85.34623991474133
-0.687625906728507,-1.372387150136688,0.19686437957383884,2.0693471344934875,70.78484632994284
-2.1164394908692734,-1.4081128254463786,0.3738214557609998,0.48704812388625,-60.59017560552975
0.04372620463416581,0.6849205925202277,1.5022413761601685,-0.3114170730571723,143.15380077992347
-0.679028504394917,-0.35528717735226234,-0.46410401757556047,-1.2776343961202288,-141.16629822663486
0.388987499472103,0.46759421501291903,0.6704435620807575,0.20701595879984205,102.00631557858419
-0.49895321277635307,-0.6384120799076977,-0.1590026264435127,-0.8494666680531415,-84.26193824785358
0.1699754560274082,1.1497685785511262,-0.4538332350880314,-1.2555710804352382,-81.9176455681581
-0.19446119382695237,0.051739314251468896,-0.5823114331277764,0.4127854297497787,-44.82411771341654
-0.10225439147249822,0.6814186764181943,0.47882468303513054,-0.26372942303265684,37.433545996847585
-0.496056997967987,1.7863052956840848,1.1811138478836678,-1.4021228609267853,42.13484452962699
-0.42696390237129045,-0.39318785107456544,1.725603545291459,0.7180100044154638,179.19112732349208
1.345751830430747,1.0274222620046085,0.25937871242429955,-1.8751984442996101,19.18058363241834
0.40775438472770936,0.29163516238358883,-1.575956916836179,-0.6559759704392192,-158.62922915052445
0.5483975986494968,0.5940432930552737,-0.6847013014718139,0.5414739046314379,-5.641301132492487
-1.160275878763039,1.2359832610053532,0.6561211096614997,0.8993242252872107,58.7903072863382
0.3351144386451837,-0.8421269216641253,-0.21701444337203676,-0.9430885962761479,-52.607390828882295
-0.24020126505392858,1.4619568687957247,-0.32008133089950075,-1.6525388212308088,-105.938920115122
1.6613955343961253,-0.0035168875364121758,0.3153310983045528,1.2534904602612045,178.39738679512772
-1.3207697130993956,0.09714439035584402,-0.10429172324379937,0.6330657703380571,-46.19582168063275
0.5489388536353049,0.8155045115622378,0.6972276466295224,0.11669143907701388,111.88744040162042
-1.0796686084757847,-0.6262921086989399,-0.5178370008244266,-0.8875910160979356,-151.19935442691363
-1.4227456046528957,-0.9237057993028625,1.4032303492653988,0.7892659197140103,94.31807297436052
-0.791628416105983,1.6754853704759982,1.9896835273579465,-0.6606396656775141,139.38510802083283
-0.5899989932737322,-0.3423193342471983,0.41885269170860895,-0.8886113580697594,-31.714406105174632
1.6131098046803207,-0.7448154217924986,0.325963510024761,-0.4177561922134887,92.62745563744933
0.5198069592851945,0.8556828653891813,0.17909655851055378,-1.165159475155996,-0.07368921926808703
0.8534374660795062,-0.12136283261637787,2.268051757070359,0.510284216116524,291.4637209834454
0.8148712401962397,-0.4478479251325043,1.5006529657196601,-1.6474411101197761,110.72423952651036
-2.2324821375356287,0.3950702579427792,1.2806378243736332,-0.8575349855307084,-25.31923732613449
-0.2191732391448029,-0.48579635745797134,0.6451401024480866,1.002604780186249,96.8375275115345
0.9325343347941436,0.482943906734021,0.104749051016668,-0.5816509901173614,38.22825877679122
0.7980918121314922,-0.5576066079352545,-0.53702118858159,-0.6627305546521778,-43.99793513843222
-1.1260198824201695,-1.9687837975480984,2.0530223642511434,-1.1162463613101012,75.3731942167717
-0.44817516377320454,-0.452240966952276,0.40047578056748107,-0.5378972446514332,-10.761279044498862
1.3029720738578663,-0.0208950596106616,1.0140675862213049,2.0052823028473337,263.1378347060883
-0.1685865727624496,-2.8882210194999587,2.0850116865674795,1.0040990130187228,219.5622725034694
-0.02313676787936282,0.15811305222511834,2.0206021073401326,-1.7004587184542852,120.78447465583817
1.7340222825728102,0.3978391765644859,-0.6344368788508051,0.9744625057110683,79.87364059975009
0.0751819976346062,1.940369550752127,0.9145219661400935,-1.452029423625951,44.602248603305
0.4741248960379642,1.0716812659633994,0.8241450281200113,0.5812843860714977,144.36941625784178
1.4165844957273177,0.056523933950760316,0.46295588798137155,-0.7938221889155609,84.99799412233446
0.804187027178339,-0.17455676700674735,0.5386131468569051,1.292006382352096,155.87067485103597
0.9280057690177723,0.42388278606513174,-0.23459422779488298,1.6431663560756755,108.35721933660707
-0.6381997773355477,0.9327432148161787,-0.3212630353628354,0.5604819544436261,-27.946083314362344
1.4883300262132688,0.14576733216511775,0.6760194117232066,-1.255912909173263,88.70490865119353
-0.5745743881702644,-2.0832237870036727,0.5582933952525203,0.2203134066061384,19.350357176311043
-0.3538237654326863,2.0275029266992792,0.8745069212594111,0.2689858585148145,99.45241735581332
0.7166710366908599,-0.9911066866052233,0.1069913126538481,0.4881411521002924,64.65627583431079
0.663530496433862,-0.8759496352320503,1.4038028185123212,0.39352740317534973,185.29290577997185
-0.14950140687993482,-0.9881147889724334,1.1091553671449201,-0.1694533741367731,86.44465314900522
0.8191471012615151,0.9944371719616735,-0.6459798027929781,0.49839081070314073,14.03576844247478
1.7843956699235433,1.0036563755282915,-0.5940501537018528,-0.7262505092157913,12.03126490719113
0.5303964467431386,2.387755498291123,1.384811491334049,1.0295914123532233,234.10628093283006
0.5588305792573853,1.1702226891372887,1.026597258151073,2.1079526179975323,240.61561414771472
1.3349481245518795,-1.8345870265619986,0.5165792799072457,-0.7106843075128477,73.56660640091106
1.181045706408407,0.5686302448762822,1.5304778158864545,-1.2873894037075178,158.27783730663543
0.8919913970282445,2.116096435759149,-0.6317428114063818,0.4414028464785114,26.052169431222755
1.8391890372728255,-0.08955971043978136,-0.5439135145812489,1.5931503850746938,118.96760115055824
1.3719826999679392,0.4124195652669349,-1.0761473251010136,0.1432690986596268,-20.876109482811678
0.34489760347230897,-1.5305998698404069,-0.5476152083936553,1.2086131719460806,10.022464372896529
-0.8518139476479857,-0.3099603197772363,0.3291397010472072,-0.0510018263680916,-14.809288607760385
0.414941773186882,0.42706549017016265,0.5748194318861088,0.3239458470105275,99.19291411717892
0.48926714480516,-0.823721707993193,-0.8176331599556543,0.056769903995740445,-56.27343289627579
1.8928394036224974,-0.5538434355890333,0.5168746100903034,0.4832441012399318,169.52236457326308
-0.7255197335727778,-1.0395159297840122,0.14044228417162466,1.0825905341575786,19.813814806463412
0.2877070298470476,1.1545423851054206,-1.7605223225972721,0.6742445584624996,-113.28603837984208
0.8884443240902623,-0.021211622931526695,0.3342140380740895,-2.7675618635256574,-47.913275403071225
0.3433934641356919,0.08512553173010604,-1.1364060483668186,-0.5968284432536514,-117.92209790275565
0.03139096497646637,1.111165771085016,-1.0019833270276703,0.17639479699688485,-75.95771253637494
-1.147316026355209,0.4841021291599188,0.7158809993231381,0.09307480731113632,21.142759633140276
1.7295409767475096,-0.7198146892868741,-0.026585161668126255,1.1611027483200962,138.0137205256354
0.46490869675786234,-0.788862407298775,0.03258379880562072,0.06959685092964127,26.375628556059883
0.4297289743910811,-1.1604190027329515,0.670829659503867,0.6733697504102045,111.84036115391466
-3.0018289601737895,-1.159328762393737,0.09294671686740104,0.30456905633027376,-140.69006982867916
1.276581108811538,0.9176053436444896,1.6115534676729693,-0.17445086537724075,226.44113611507294
-1.2175141880245959,0.1050415195742292,-0.06880487308016116,0.3838937593362236,-49.12295847132947
-1.149427760721638,0.41813085712363607,-1.5539618971371978,-0.14316042408229426,-212.6295319795113
0.29674790567038506,-0.5206613202980802,0.9185389778709665,-0.8709624688102408,62.51859702885622
-0.23157067779649063,-0.6431874340815086,-1.30372730952657,1.1062947126745233,-90.99390991332008
-0.15920063613244775,-0.3313253413517071,0.33057947044152647,0.6760473392822471,55.017389800860926
0.5206083331987299,0.10823647764299987,0.08736622550649822,1.182822260553488,94.34362046895424
-0.948424844587782,-0.38693288973070833,-1.6862203546115226,0.9557711720451465,-170.50706232761866
-0.5586455601596485,0.18091552889127013,-1.2772529836612314,0.8408546922319131,-110.70481084349129
-0.5903507983952154,0.6758381263991112,0.25065916768824303,-1.091775248477038,-48.84790570817748
1.3475575146090455,-2.1065071027664266,1.1554073137325458,0.9831380586313029,213.4627886978771
1.1026687643449917,1.2782251178324506,-0.9927554931329095,0.14306805210860707,-19.447222065486642
-0.0864730566964003,0.1240616790977882,-0.35338785683403684,0.0867765411028461,-31.544348194145105
-0.7534904184750599,-0.97823568590474,0.5113712542627386,-0.32221539960492673,-10.386997394720327
-1.2003720374126712,0.42159978042960444,1.1851449318418505,0.9027830828111592,101.51709307154668
